keyword,volume,kd,intent,rank,rankBucket,cluster,currentPath,matchedRepoPage,intended,currentLandingCorrect,cannibalizationRisk,recommendedAction,priority,currentPageType,intendedPageType,semEntry,semPhrase,title,h1,metaDescription,canonical,schema
black and white western art,110,0,i|c,15,11-20,Black-and-white Western / cowboy,/Galleries/Painterly-Fine-Art-Photography/Facing-History/Western-Cowboy-Portraits/Black-White,yes,/Western-Black-and-White-Photography,review,possible,improve internal linking to intended target without disturbing winner,86,gallery,doorway / hub,westernBlackWhiteHub,black and white western art,Black & White Western Portraits - Painterly Fine Art Photography,Black & White Western Portraits — Painterly Fine Art Photography,"Discover Black &#38; White Western Portraits that distill the American frontier into light, shadow, expression, and consequence. These images remove the warmth of...",https://www.k4studios.com/Galleries/Painterly-Fine-Art-Photography/Facing-History/Western-Cowboy-Portraits/Black-White,CollectionPage; Thing; ImageGallery; ImageObject; Person; ItemList; ListItem
black and white western photos,90,4,c,16,11-20,Black-and-white Western / cowboy,/Galleries/Painterly-Fine-Art-Photography/Facing-History/Western-Cowboy-Portraits/Black-White/all,yes,/Western-Black-and-White-Photography,review,possible,improve internal linking to intended target without disturbing winner,84,gallery,doorway / hub,,,Western Cowboy Portraits - Black & White Collection (99 Images),Western Cowboy Portraits – Black & White Collection (99 Images),Browse the full collection of 99 black and white Western cowboy portraits by Wayne Heim. Dramatic monochrome frontier photography featuring authentic cowboys...,https://www.k4studios.com/Galleries/Painterly-Fine-Art-Photography/Facing-History/Western-Cowboy-Portraits/Black-White/all,WebSite; Organization; ImageObject; Person; CollectionPage; BreadcrumbList; ListItem
black and white cowboy art,90,0,i|c,38,21-40,Black-and-white Western / cowboy,/Galleries/Painterly-Fine-Art-Photography/Facing-History/Western-Cowboy-Portraits/Black-White,yes,/Western-Black-and-White-Photography,review,possible,resolve landing mismatch / possible cannibalization,83,gallery,doorway / hub,westernBlackWhiteHub,black and white cowboy art,Black & White Western Portraits - Painterly Fine Art Photography,Black & White Western Portraits — Painterly Fine Art Photography,"Discover Black &#38; White Western Portraits that distill the American frontier into light, shadow, expression, and consequence. These images remove the warmth of...",https://www.k4studios.com/Galleries/Painterly-Fine-Art-Photography/Facing-History/Western-Cowboy-Portraits/Black-White,CollectionPage; Thing; ImageGallery; ImageObject; Person; ItemList; ListItem
wild west artwork,260,10,c,31,21-40,Wild West / frontier,/wild-west-art,yes,/wild-west-art,yes,,strengthen existing page,81,doorway / hub,doorway / hub,,,Wild West Art | Frontier Artwork by Wayne Heim - K4 Studios,Wild West Art,"Wild West art by Wayne Heim featuring frontier narratives, painterly Wild West artwork, and historically inflected imagery grounded in atmosphere and story.",https://www.k4studios.com/wild-west-art,CollectionPage; Thing; ImageGallery; ImageObject; Person; BreadcrumbList; ListItem; FAQPage
vintage western prints,170,4,c,29,21-40,Vintage Western / Old West,/vintage-western-art,yes,/vintage-western-art,yes,,strengthen existing page,81,doorway / hub,doorway / hub,,,Vintage Western Art,Vintage Western Art,"Vintage western art by Wayne Heim featuring vintage cowboy art, old-west atmosphere, and painterly frontier prints created for collectors rather than...",https://www.k4studios.com/vintage-western-art,CollectionPage; Thing; ImageGallery; ImageObject; Person; BreadcrumbList; ListItem; FAQPage
western portraits,110,10,i,18,11-20,Cowboy / Western portraits,/Galleries/Painterly-Fine-Art-Photography/Facing-History/Western-Cowboy-Portraits/Color/all,yes,/Galleries/Painterly-Fine-Art-Photography/Facing-History/Western-Cowboy-Portraits,review,possible,improve internal linking to intended target without disturbing winner,81,gallery,gallery,cowboy,western portraits,Western Cowboy Portraits - Color Collection (147 Images),Western Cowboy Portraits – Color Collection (147 Images),"Browse the full collection of 147 painterly Western cowboy portraits in color by Wayne Heim. Cinematic frontier photography featuring authentic cowboys, ranch...",https://www.k4studios.com/Galleries/Painterly-Fine-Art-Photography/Facing-History/Western-Cowboy-Portraits/Color/all,WebSite; Organization; ImageObject; Person; CollectionPage; BreadcrumbList; ListItem
vintage cowboy art,320,10,c,40,21-40,Vintage Western / Old West,/vintage-western-art,yes,/vintage-western-art,yes,,strengthen existing page,80,doorway / hub,doorway / hub,westernWallArtHub,vintage cowboy art,Vintage Western Art,Vintage Western Art,"Vintage western art by Wayne Heim featuring vintage cowboy art, old-west atmosphere, and painterly frontier prints created for collectors rather than...",https://www.k4studios.com/vintage-western-art,CollectionPage; Thing; ImageGallery; ImageObject; Person; BreadcrumbList; ListItem; FAQPage
cowboy portrait,260,12,c,27,21-40,Cowboy / Western portraits,/Galleries/Painterly-Fine-Art-Photography/Facing-History/Western-Cowboy-Portraits,yes,/Galleries/Painterly-Fine-Art-Photography/Facing-History/Western-Cowboy-Portraits,yes,,strengthen existing page,80,gallery,gallery,cowboy,cowboy portrait,Western Cowboy Portraits - Wayne Heim,Western Portraits — Painterly Fine Art Photography,"Western cowboy portraits by Wayne Heim: painterly fine art portraits of frontier characters, Old West figures, and historically grounded subjects of the...",https://www.k4studios.com/Galleries/Painterly-Fine-Art-Photography/Facing-History/Western-Cowboy-Portraits,CollectionPage; Thing; ImageGallery; ImageObject; Person; ItemList; ListItem
black and white cowboy photos,110,12,c,12,11-20,Black-and-white Western / cowboy,/Galleries/Painterly-Fine-Art-Photography/Facing-History/Western-Cowboy-Portraits/Black-White/all,yes,/Western-Black-and-White-Photography,review,possible,improve internal linking to intended target without disturbing winner,80,gallery,doorway / hub,,,Western Cowboy Portraits - Black & White Collection (99 Images),Western Cowboy Portraits – Black & White Collection (99 Images),Browse the full collection of 99 black and white Western cowboy portraits by Wayne Heim. Dramatic monochrome frontier photography featuring authentic cowboys...,https://www.k4studios.com/Galleries/Painterly-Fine-Art-Photography/Facing-History/Western-Cowboy-Portraits/Black-White/all,WebSite; Organization; ImageObject; Person; CollectionPage; BreadcrumbList; ListItem
black and white pictures of cowboys,90,11,c,14,11-20,Black-and-white Western / cowboy,/Galleries/Painterly-Fine-Art-Photography/Facing-History/Western-Cowboy-Portraits/Black-White/all,yes,/Western-Black-and-White-Photography,review,possible,improve internal linking to intended target without disturbing winner,80,gallery,doorway / hub,westernBlackWhiteHub,black and white pictures of cowboys,Western Cowboy Portraits - Black & White Collection (99 Images),Western Cowboy Portraits – Black & White Collection (99 Images),Browse the full collection of 99 black and white Western cowboy portraits by Wayne Heim. Dramatic monochrome frontier photography featuring authentic cowboys...,https://www.k4studios.com/Galleries/Painterly-Fine-Art-Photography/Facing-History/Western-Cowboy-Portraits/Black-White/all,WebSite; Organization; ImageObject; Person; CollectionPage; BreadcrumbList; ListItem
black and white western pictures,90,6,c,30,21-40,Black-and-white Western / cowboy,/Galleries/Painterly-Fine-Art-Photography/Facing-History/Western-Cowboy-Portraits/Black-White,yes,/Western-Black-and-White-Photography,review,possible,resolve landing mismatch / possible cannibalization,80,gallery,doorway / hub,,,Black & White Western Portraits - Painterly Fine Art Photography,Black & White Western Portraits — Painterly Fine Art Photography,"Discover Black &#38; White Western Portraits that distill the American frontier into light, shadow, expression, and consequence. These images remove the warmth of...",https://www.k4studios.com/Galleries/Painterly-Fine-Art-Photography/Facing-History/Western-Cowboy-Portraits/Black-White,CollectionPage; Thing; ImageGallery; ImageObject; Person; ItemList; ListItem
cowboy portrait painting,70,6,c,24,21-40,Cowboy / Western portraits,/Galleries/Painterly-Fine-Art-Photography/Facing-History/Western-Cowboy-Portraits/Black-White/all,yes,/Galleries/Painterly-Fine-Art-Photography/Facing-History/Western-Cowboy-Portraits,review,possible,resolve landing mismatch / possible cannibalization,79,gallery,gallery,,,Western Cowboy Portraits - Black & White Collection (99 Images),Western Cowboy Portraits – Black & White Collection (99 Images),Browse the full collection of 99 black and white Western cowboy portraits by Wayne Heim. Dramatic monochrome frontier photography featuring authentic cowboys...,https://www.k4studios.com/Galleries/Painterly-Fine-Art-Photography/Facing-History/Western-Cowboy-Portraits/Black-White/all,WebSite; Organization; ImageObject; Person; CollectionPage; BreadcrumbList; ListItem
western vintage cowboy art,70,2,i|c,34,21-40,Vintage Western / Old West,/vintage-western-art,yes,/vintage-western-art,yes,,strengthen existing page,79,doorway / hub,doorway / hub,,,Vintage Western Art,Vintage Western Art,"Vintage western art by Wayne Heim featuring vintage cowboy art, old-west atmosphere, and painterly frontier prints created for collectors rather than...",https://www.k4studios.com/vintage-western-art,CollectionPage; Thing; ImageGallery; ImageObject; Person; BreadcrumbList; ListItem; FAQPage
western fine art photography,30,5,c,13,11-20,Western fine art photography,/Western-Fine-Art-Photography,yes,/Western-Fine-Art-Photography,yes,,strengthen existing page,79,doorway / hub,doorway / hub,westernHubLanding,Western Fine Art Photography,Western Fine Art Photography,Western Fine Art Photography,"Western fine art photography by Wayne Heim: authored, painterly fine art of the American West centered on cowboy portraits, frontier characters, and...",https://www.k4studios.com/Western-Fine-Art-Photography,CollectionPage; Thing; ImageGallery; ImageObject; Person; BreadcrumbList; ListItem; FAQPage
cowboy art,2400,4,c,-,Unranked,Broad commercial Western / cowboy art,,no,/Western-Wall-Art,no current landing,,strengthen/build commercial doorway target,78,missing,doorway / hub,westernWallArtHub,cowboy art,Western Wall Art - Cowboy Fine Art Prints,Western Wall Art,"Museum-quality Western wall art and wild west cowboy photography by Wayne Heim. Vintage western art, cowboy portraits, and frontier landscapes - cinematic,...",https://www.k4studios.com/Western-Wall-Art,CollectionPage; Thing; ImageGallery; ImageObject; Person; BreadcrumbList; ListItem; FAQPage
cowboy portraits,50,12,c,12,11-20,Cowboy / Western portraits,/Galleries/Painterly-Fine-Art-Photography/Facing-History/Western-Cowboy-Portraits/Color/all,yes,/Galleries/Painterly-Fine-Art-Photography/Facing-History/Western-Cowboy-Portraits,review,possible,improve internal linking to intended target without disturbing winner,78,gallery,gallery,cowboyFineArtHub,cowboy portraits,Western Cowboy Portraits - Color Collection (147 Images),Western Cowboy Portraits – Color Collection (147 Images),"Browse the full collection of 147 painterly Western cowboy portraits in color by Wayne Heim. Cinematic frontier photography featuring authentic cowboys, ranch...",https://www.k4studios.com/Galleries/Painterly-Fine-Art-Photography/Facing-History/Western-Cowboy-Portraits/Color/all,WebSite; Organization; ImageObject; Person; CollectionPage; BreadcrumbList; ListItem
western art photography,20,0,c,32,21-40,Western fine art photography,/Western-Photography-Prints,yes,/Western-Photography-Art,review,possible,resolve landing mismatch / possible cannibalization,78,doorway / hub,doorway / hub,westernPhotographyArtHub,Western Art Photography,Western Photography Prints,Western Photography Prints,"Western photography prints by Wayne Heim presented as a curated entry into story-driven cowboy portraits, Wild West narratives, and collector-grade Western wall...",https://www.k4studios.com/Western-Photography-Prints,CollectionPage; Thing; ImageGallery; ImageObject; Person; BreadcrumbList; ListItem; FAQPage
vintage cowboy print,110,14,i|c,17,11-20,Vintage Western / Old West,/vintage-western-art,yes,/vintage-western-art,yes,,strengthen existing page,77,doorway / hub,doorway / hub,,,Vintage Western Art,Vintage Western Art,"Vintage western art by Wayne Heim featuring vintage cowboy art, old-west atmosphere, and painterly frontier prints created for collectors rather than...",https://www.k4studios.com/vintage-western-art,CollectionPage; Thing; ImageGallery; ImageObject; Person; BreadcrumbList; ListItem; FAQPage
western black and white photography,20,8,i|c,16,11-20,Black-and-white Western / cowboy,/Galleries/Painterly-Fine-Art-Photography/Facing-History/Western-Cowboy-Portraits/Black-White/all,yes,/Western-Black-and-White-Photography,review,possible,improve internal linking to intended target without disturbing winner,77,gallery,doorway / hub,westernBlackWhiteHub,Western Black and White Photography,Western Cowboy Portraits - Black & White Collection (99 Images),Western Cowboy Portraits – Black & White Collection (99 Images),Browse the full collection of 99 black and white Western cowboy portraits by Wayne Heim. Dramatic monochrome frontier photography featuring authentic cowboys...,https://www.k4studios.com/Galleries/Painterly-Fine-Art-Photography/Facing-History/Western-Cowboy-Portraits/Black-White/all,WebSite; Organization; ImageObject; Person; CollectionPage; BreadcrumbList; ListItem
western artwork,2400,9,i|c,-,Unranked,Broad commercial Western / cowboy art,,no,/western-artwork,no current landing,,strengthen/build commercial doorway target,76,missing,doorway / hub,,,Western Artwork | Painterly Western Art by Wayne Heim - K4 Studios,Western Artwork,"Western artwork by Wayne Heim spanning painterly portraits, narrative frontier scenes, and atmospheric landscapes for collectors seeking serious Western art.",https://www.k4studios.com/western-artwork,CollectionPage; Thing; ImageGallery; ImageObject; Person; BreadcrumbList; ListItem; FAQPage
vintage western art,320,5,c,-,Unranked,Vintage Western / Old West,,no,/vintage-western-art,no current landing,,strengthen/build commercial doorway target,76,missing,doorway / hub,glossaryVintageWesternPhotography,vintage western art,Vintage Western Art,Vintage Western Art,"Vintage western art by Wayne Heim featuring vintage cowboy art, old-west atmosphere, and painterly frontier prints created for collectors rather than...",https://www.k4studios.com/vintage-western-art,CollectionPage; Thing; ImageGallery; ImageObject; Person; BreadcrumbList; ListItem; FAQPage
wild west poster,260,7,c,-,Unranked,Wild West / frontier,,no,/wild-west-art,no current landing,,strengthen/build commercial doorway target,76,missing,doorway / hub,,,Wild West Art | Frontier Artwork by Wayne Heim - K4 Studios,Wild West Art,"Wild West art by Wayne Heim featuring frontier narratives, painterly Wild West artwork, and historically inflected imagery grounded in atmosphere and story.",https://www.k4studios.com/wild-west-art,CollectionPage; Thing; ImageGallery; ImageObject; Person; BreadcrumbList; ListItem; FAQPage
western photography prints,70,11,c,36,21-40,Western fine art photography,/Western-Fine-Art-Photography,yes,/Western-Fine-Art-Photography,yes,,strengthen existing page,76,doorway / hub,doorway / hub,,,Western Fine Art Photography,Western Fine Art Photography,"Western fine art photography by Wayne Heim: authored, painterly fine art of the American West centered on cowboy portraits, frontier characters, and...",https://www.k4studios.com/Western-Fine-Art-Photography,CollectionPage; Thing; ImageGallery; ImageObject; Person; BreadcrumbList; ListItem; FAQPage
black and white western wall art,20,3,i|c,29,21-40,Black-and-white Western / cowboy,/Galleries/Painterly-Fine-Art-Photography/Facing-History/Western-Cowboy-Portraits/Black-White,yes,/Western-Black-and-White-Photography,review,possible,resolve landing mismatch / possible cannibalization,76,gallery,doorway / hub,westernBlackWhiteHub,black and white western wall art,Black & White Western Portraits - Painterly Fine Art Photography,Black & White Western Portraits — Painterly Fine Art Photography,"Discover Black &#38; White Western Portraits that distill the American frontier into light, shadow, expression, and consequence. These images remove the warmth of...",https://www.k4studios.com/Galleries/Painterly-Fine-Art-Photography/Facing-History/Western-Cowboy-Portraits/Black-White,CollectionPage; Thing; ImageGallery; ImageObject; Person; ItemList; ListItem
cowboy pictures black and white,50,11,c,35,21-40,Black-and-white Western / cowboy,/Galleries/Painterly-Fine-Art-Photography/Facing-History/Western-Cowboy-Portraits/Black-White/all,yes,/Western-Black-and-White-Photography,review,possible,resolve landing mismatch / possible cannibalization,75,gallery,doorway / hub,,,Western Cowboy Portraits - Black & White Collection (99 Images),Western Cowboy Portraits – Black & White Collection (99 Images),Browse the full collection of 99 black and white Western cowboy portraits by Wayne Heim. Dramatic monochrome frontier photography featuring authentic cowboys...,https://www.k4studios.com/Galleries/Painterly-Fine-Art-Photography/Facing-History/Western-Cowboy-Portraits/Black-White/all,WebSite; Organization; ImageObject; Person; CollectionPage; BreadcrumbList; ListItem
western prints,720,8,c,-,Unranked,Broad commercial Western / cowboy art,,no,/Western-Wall-Art,no current landing,,strengthen/build commercial doorway target,74,missing,doorway / hub,westernWallArtHub,western prints,Western Wall Art - Cowboy Fine Art Prints,Western Wall Art,"Museum-quality Western wall art and wild west cowboy photography by Wayne Heim. Vintage western art, cowboy portraits, and frontier landscapes - cinematic,...",https://www.k4studios.com/Western-Wall-Art,CollectionPage; Thing; ImageGallery; ImageObject; Person; BreadcrumbList; ListItem; FAQPage
vintage western paintings,110,0,i|c,-,Unranked,Vintage Western / Old West,,no,/vintage-western-art,no current landing,,strengthen/build commercial doorway target,74,missing,doorway / hub,,,Vintage Western Art,Vintage Western Art,"Vintage western art by Wayne Heim featuring vintage cowboy art, old-west atmosphere, and painterly frontier prints created for collectors rather than...",https://www.k4studios.com/vintage-western-art,CollectionPage; Thing; ImageGallery; ImageObject; Person; BreadcrumbList; ListItem; FAQPage
western photographers,90,18,i,35,21-40,Cowboy / Western portraits,/Galleries/Painterly-Fine-Art-Photography/Facing-History/Western-Cowboy-Portraits/Color/all,yes,/Galleries/Painterly-Fine-Art-Photography/Facing-History/Western-Cowboy-Portraits,review,possible,resolve landing mismatch / possible cannibalization,74,gallery,gallery,,,Western Cowboy Portraits - Color Collection (147 Images),Western Cowboy Portraits – Color Collection (147 Images),"Browse the full collection of 147 painterly Western cowboy portraits in color by Wayne Heim. Cinematic frontier photography featuring authentic cowboys, ranch...",https://www.k4studios.com/Galleries/Painterly-Fine-Art-Photography/Facing-History/Western-Cowboy-Portraits/Color/all,WebSite; Organization; ImageObject; Person; CollectionPage; BreadcrumbList; ListItem
black and white cowboy photography,20,13,i|c,14,11-20,Black-and-white Western / cowboy,/Galleries/Painterly-Fine-Art-Photography/Facing-History/Western-Cowboy-Portraits/Black-White/all,yes,/Western-Black-and-White-Photography,review,possible,improve internal linking to intended target without disturbing winner,74,gallery,doorway / hub,westernBlackWhiteHub,Black and White Cowboy Photography,Western Cowboy Portraits - Black & White Collection (99 Images),Western Cowboy Portraits – Black & White Collection (99 Images),Browse the full collection of 99 black and white Western cowboy portraits by Wayne Heim. Dramatic monochrome frontier photography featuring authentic cowboys...,https://www.k4studios.com/Galleries/Painterly-Fine-Art-Photography/Facing-History/Western-Cowboy-Portraits/Black-White/all,WebSite; Organization; ImageObject; Person; CollectionPage; BreadcrumbList; ListItem
fine art western photography,10,9,i,15,11-20,Western fine art photography,/Western-Fine-Art-Photography,yes,/Western-Fine-Art-Photography,yes,,strengthen existing page,74,doorway / hub,doorway / hub,,,Western Fine Art Photography,Western Fine Art Photography,"Western fine art photography by Wayne Heim: authored, painterly fine art of the American West centered on cowboy portraits, frontier characters, and...",https://www.k4studios.com/Western-Fine-Art-Photography,CollectionPage; Thing; ImageGallery; ImageObject; Person; BreadcrumbList; ListItem; FAQPage
western wall decor,1300,13,c,-,Unranked,Broad commercial Western / cowboy art,,no,/Western-Wall-Art,no current landing,,strengthen/build commercial doorway target,73,missing,doorway / hub,westernWallArtHub,western wall decor,Western Wall Art - Cowboy Fine Art Prints,Western Wall Art,"Museum-quality Western wall art and wild west cowboy photography by Wayne Heim. Vintage western art, cowboy portraits, and frontier landscapes - cinematic,...",https://www.k4studios.com/Western-Wall-Art,CollectionPage; Thing; ImageGallery; ImageObject; Person; BreadcrumbList; ListItem; FAQPage
western art prints,720,9,c,-,Unranked,Broad commercial Western / cowboy art,,no,/Western-Fine-Art-Photography,no current landing,,strengthen/build commercial doorway target,73,missing,doorway / hub,westernHubLanding,western art prints,Western Fine Art Photography,Western Fine Art Photography,"Western fine art photography by Wayne Heim: authored, painterly fine art of the American West centered on cowboy portraits, frontier characters, and...",https://www.k4studios.com/Western-Fine-Art-Photography,CollectionPage; Thing; ImageGallery; ImageObject; Person; BreadcrumbList; ListItem; FAQPage
western wall artwork,590,9,c,-,Unranked,Broad commercial Western / cowboy art,,no,/Western-Wall-Art,no current landing,,strengthen/build commercial doorway target,73,missing,doorway / hub,,,Western Wall Art - Cowboy Fine Art Prints,Western Wall Art,"Museum-quality Western wall art and wild west cowboy photography by Wayne Heim. Vintage western art, cowboy portraits, and frontier landscapes - cinematic,...",https://www.k4studios.com/Western-Wall-Art,CollectionPage; Thing; ImageGallery; ImageObject; Person; BreadcrumbList; ListItem; FAQPage
cowboy wall art,480,7,i|c,-,Unranked,Broad commercial Western / cowboy art,,no,/Cowboy-Fine-Art-Photography,no current landing,,strengthen/build commercial doorway target,73,missing,doorway / hub,cowboyFineArtHub,cowboy wall art,Cowboy Fine Art Photography - Wayne Heim,Cowboy Fine Art Photography,Cowboy fine art photography by Wayne Heim. This collection features cowboy photography and black and white cowboy photography - authentic portraits of...,https://www.k4studios.com/Cowboy-Fine-Art-Photography,CollectionPage; Thing; ImageGallery; ImageObject; Person; BreadcrumbList; ListItem; FAQPage
wild west art,390,15,c,-,Unranked,Wild West / frontier,,no,/wild-west-art,no current landing,,strengthen/build commercial doorway target,73,missing,doorway / hub,glossaryWildWestPhotography,wild west art,Wild West Art | Frontier Artwork by Wayne Heim - K4 Studios,Wild West Art,"Wild West art by Wayne Heim featuring frontier narratives, painterly Wild West artwork, and historically inflected imagery grounded in atmosphere and story.",https://www.k4studios.com/wild-west-art,CollectionPage; Thing; ImageGallery; ImageObject; Person; BreadcrumbList; ListItem; FAQPage
vintage western wall art,210,8,i|c,-,Unranked,Vintage Western / Old West,,no,/vintage-western-art,no current landing,,strengthen/build commercial doorway target,73,missing,doorway / hub,westernWallArtHub,vintage western wall art,Vintage Western Art,Vintage Western Art,"Vintage western art by Wayne Heim featuring vintage cowboy art, old-west atmosphere, and painterly frontier prints created for collectors rather than...",https://www.k4studios.com/vintage-western-art,CollectionPage; Thing; ImageGallery; ImageObject; Person; BreadcrumbList; ListItem; FAQPage
old western art,170,6,i|c,-,Unranked,Vintage Western / Old West,,no,/vintage-western-art,no current landing,,strengthen/build commercial doorway target,73,missing,doorway / hub,,,Vintage Western Art,Vintage Western Art,"Vintage western art by Wayne Heim featuring vintage cowboy art, old-west atmosphere, and painterly frontier prints created for collectors rather than...",https://www.k4studios.com/vintage-western-art,CollectionPage; Thing; ImageGallery; ImageObject; Person; BreadcrumbList; ListItem; FAQPage
western cowboy art prints,170,0,c,-,Unranked,Broad commercial Western / cowboy art,,no,/cowboy-art-prints,no current landing,,strengthen/build commercial doorway target,73,missing,doorway / hub,,,Cowboy Art Prints | K4 Studios,Cowboy Art Prints,"Cowboy art prints by Wayne Heim where frontier character, painterly light, and narrative pressure keep the image active on the wall.",https://www.k4studios.com/cowboy-art-prints,CollectionPage; Thing; ImageGallery; ImageObject; Person; BreadcrumbList; ListItem; FAQPage
wild west frontier art,20,15,i|c,13,11-20,Wild West / frontier,/wild-west-art,yes,/wild-west-art,yes,,strengthen existing page,73,doorway / hub,doorway / hub,,,Wild West Art | Frontier Artwork by Wayne Heim - K4 Studios,Wild West Art,"Wild West art by Wayne Heim featuring frontier narratives, painterly Wild West artwork, and historically inflected imagery grounded in atmosphere and story.",https://www.k4studios.com/wild-west-art,CollectionPage; Thing; ImageGallery; ImageObject; Person; BreadcrumbList; ListItem; FAQPage
wild wild west art,20,10,i,29,21-40,Wild West / frontier,/wild-west-art,yes,/wild-west-art,yes,,strengthen existing page,73,doorway / hub,doorway / hub,,,Wild West Art | Frontier Artwork by Wayne Heim - K4 Studios,Wild West Art,"Wild West art by Wayne Heim featuring frontier narratives, painterly Wild West artwork, and historically inflected imagery grounded in atmosphere and story.",https://www.k4studios.com/wild-west-art,CollectionPage; Thing; ImageGallery; ImageObject; Person; BreadcrumbList; ListItem; FAQPage
cowboy artwork,1600,16,c,-,Unranked,Broad commercial Western / cowboy art,,no,/Western-Wall-Art,no current landing,,strengthen/build commercial doorway target,72,missing,doorway / hub,westernWallArtHub,cowboy artwork,Western Wall Art - Cowboy Fine Art Prints,Western Wall Art,"Museum-quality Western wall art and wild west cowboy photography by Wayne Heim. Vintage western art, cowboy portraits, and frontier landscapes - cinematic,...",https://www.k4studios.com/Western-Wall-Art,CollectionPage; Thing; ImageGallery; ImageObject; Person; BreadcrumbList; ListItem; FAQPage
western paintings,1300,15,c,-,Unranked,Broad commercial Western / cowboy art,,no,/Western-Wall-Art,no current landing,,strengthen/build commercial doorway target,72,missing,doorway / hub,,,Western Wall Art - Cowboy Fine Art Prints,Western Wall Art,"Museum-quality Western wall art and wild west cowboy photography by Wayne Heim. Vintage western art, cowboy portraits, and frontier landscapes - cinematic,...",https://www.k4studios.com/Western-Wall-Art,CollectionPage; Thing; ImageGallery; ImageObject; Person; BreadcrumbList; ListItem; FAQPage
old western paintings,210,10,c,-,Unranked,Vintage Western / Old West,,no,/vintage-western-art,no current landing,,strengthen/build commercial doorway target,72,missing,doorway / hub,,,Vintage Western Art,Vintage Western Art,"Vintage western art by Wayne Heim featuring vintage cowboy art, old-west atmosphere, and painterly frontier prints created for collectors rather than...",https://www.k4studios.com/vintage-western-art,CollectionPage; Thing; ImageGallery; ImageObject; Person; BreadcrumbList; ListItem; FAQPage
western cowboy art,170,2,i|c,-,Unranked,Broad commercial Western / cowboy art,,no,/Galleries/Painterly-Fine-Art-Photography/Facing-History/Western-Cowboy-Portraits,no current landing,,strengthen/build commercial doorway target,72,missing,gallery,cowboy,western cowboy art,Western Cowboy Portraits - Wayne Heim,Western Portraits — Painterly Fine Art Photography,"Western cowboy portraits by Wayne Heim: painterly fine art portraits of frontier characters, Old West figures, and historically grounded subjects of the...",https://www.k4studios.com/Galleries/Painterly-Fine-Art-Photography/Facing-History/Western-Cowboy-Portraits,CollectionPage; Thing; ImageGallery; ImageObject; Person; ItemList; ListItem
wild west photoshoot,50,4,i,-,Unranked,Wild West / frontier,,no,/Galleries/Painterly-Fine-Art-Photography/Facing-History/Wild-West,no current landing,,build supporting article/page or strengthen target,72,missing,gallery,,,Wild West Photography - Wayne Heim,Wild West — Art of The American Frontier,"Wild West photography by Wayne Heim: painterly frontier images of legend, labor, endurance, and the human lives beneath the myth of the American West.",https://www.k4studios.com/Galleries/Painterly-Fine-Art-Photography/Facing-History/Wild-West,CollectionPage; Thing; ImageGallery; ImageObject; Person; ItemList; ListItem
civil war themed photography,10,0,i,19,11-20,History / reenactment / war,/Galleries/Painterly-Fine-Art-Photography/Facing-History/Civil-War-Portraits,yes,/Civil-War-Art,review,possible,improve internal linking to intended target without disturbing winner,72,gallery,doorway / hub,,,Civil War Portraits,Civil War Portraits - Historically Themed Fine Art Photography by Wayne Heim,"Civil War portraits and painterly reenactment photography by Wayne Heim, focused on the people, sacrifice, and history of the era.",https://www.k4studios.com/Galleries/Painterly-Fine-Art-Photography/Facing-History/Civil-War-Portraits,CollectionPage; Thing; ImageGallery; ImageObject; Person
fine art cowboy photography,10,12,c,18,11-20,Cowboy / Western portraits,/western-photos,yes,/Galleries/Painterly-Fine-Art-Photography/Facing-History/Western-Cowboy-Portraits,review,possible,improve internal linking to intended target without disturbing winner,72,doorway / hub,gallery,cowboy,fine art cowboy photography,Western Photos | Fine Art Photography of the American West,Western Photos,"Explore Western photos featuring cinematic cowboy scenes, portraits, and landscapes of the American West. Fine art photography with a painterly, storytelling...",https://www.k4studios.com/western-photos,CollectionPage; WebSite; Thing; ItemList; ListItem; BreadcrumbList
western art,4400,18,c,-,Unranked,Broad commercial Western / cowboy art,,no,/Blog/what-is-western-art,no current landing,,strengthen/build commercial doorway target,71,missing,definition blog,westernArtDefinition,western art,"What Is Western Art? History, Meaning, and the Evolution | K4 Studios",What Is Western Art?,"Western art is more than cowboys and sunsets. Explore the history, meaning, and evolution of Western art from frontier paintings to contemporary photography.",https://www.k4studios.com/Blog/what-is-western-art,Article; WebPage; Person; Organization; ImageObject; DefinedTerm; BreadcrumbList; ListItem
cowboy photography,210,16,i,-,Unranked,Cowboy / Western portraits,,no,/Galleries/Painterly-Fine-Art-Photography/Facing-History/Western-Cowboy-Portraits,no current landing,,build supporting article/page or strengthen target,71,missing,gallery,westernCowboyHub,cowboy photography,Western Cowboy Portraits - Wayne Heim,Western Portraits — Painterly Fine Art Photography,"Western cowboy portraits by Wayne Heim: painterly fine art portraits of frontier characters, Old West figures, and historically grounded subjects of the...",https://www.k4studios.com/Galleries/Painterly-Fine-Art-Photography/Facing-History/Western-Cowboy-Portraits,CollectionPage; Thing; ImageGallery; ImageObject; Person; ItemList; ListItem
cowboy art prints,170,3,i|c,-,Unranked,Broad commercial Western / cowboy art,,no,/cowboy-art-prints,no current landing,,strengthen/build commercial doorway target,71,missing,doorway / hub,,,Cowboy Art Prints | K4 Studios,Cowboy Art Prints,"Cowboy art prints by Wayne Heim where frontier character, painterly light, and narrative pressure keep the image active on the wall.",https://www.k4studios.com/cowboy-art-prints,CollectionPage; Thing; ImageGallery; ImageObject; Person; BreadcrumbList; ListItem; FAQPage
cowboy artwork prints,110,0,i|c,-,Unranked,Broad commercial Western / cowboy art,,no,/Galleries/Painterly-Fine-Art-Photography/Facing-History/Western-Cowboy-Portraits,no current landing,,strengthen/build commercial doorway target,71,missing,gallery,cowboy,cowboy artwork prints,Western Cowboy Portraits - Wayne Heim,Western Portraits — Painterly Fine Art Photography,"Western cowboy portraits by Wayne Heim: painterly fine art portraits of frontier characters, Old West figures, and historically grounded subjects of the...",https://www.k4studios.com/Galleries/Painterly-Fine-Art-Photography/Facing-History/Western-Cowboy-Portraits,CollectionPage; Thing; ImageGallery; ImageObject; Person; ItemList; ListItem
black and white cowboy portrait,20,19,i|c,12,11-20,Black-and-white Western / cowboy,/Galleries/Painterly-Fine-Art-Photography/Facing-History/Western-Cowboy-Portraits/Black-White/all,yes,/Western-Black-and-White-Photography,review,possible,improve internal linking to intended target without disturbing winner,71,gallery,doorway / hub,,,Western Cowboy Portraits - Black & White Collection (99 Images),Western Cowboy Portraits – Black & White Collection (99 Images),Browse the full collection of 99 black and white Western cowboy portraits by Wayne Heim. Dramatic monochrome frontier photography featuring authentic cowboys...,https://www.k4studios.com/Galleries/Painterly-Fine-Art-Photography/Facing-History/Western-Cowboy-Portraits/Black-White/all,WebSite; Organization; ImageObject; Person; CollectionPage; BreadcrumbList; ListItem
old west fine art prints,10,10,c,17,11-20,Vintage Western / Old West,/Western-Wall-Art,yes,/vintage-western-art,review,possible,improve internal linking to intended target without disturbing winner,71,doorway / hub,doorway / hub,,,Western Wall Art - Cowboy Fine Art Prints,Western Wall Art,"Museum-quality Western wall art and wild west cowboy photography by Wayne Heim. Vintage western art, cowboy portraits, and frontier landscapes - cinematic,...",https://www.k4studios.com/Western-Wall-Art,CollectionPage; Thing; ImageGallery; ImageObject; Person; BreadcrumbList; ListItem; FAQPage
women of the wild west,720,25,i,-,Unranked,Wild West / frontier,,no,/Galleries/Painterly-Fine-Art-Photography/Facing-History/Wild-West,no current landing,,build supporting article/page or strengthen target,70,missing,gallery,,,Wild West Photography - Wayne Heim,Wild West — Art of The American Frontier,"Wild West photography by Wayne Heim: painterly frontier images of legend, labor, endurance, and the human lives beneath the myth of the American West.",https://www.k4studios.com/Galleries/Painterly-Fine-Art-Photography/Facing-History/Wild-West,CollectionPage; Thing; ImageGallery; ImageObject; Person; ItemList; ListItem
western art paintings,590,15,c,-,Unranked,Broad commercial Western / cowboy art,,no,/western-artwork,no current landing,,strengthen/build commercial doorway target,70,missing,doorway / hub,,,Western Artwork | Painterly Western Art by Wayne Heim - K4 Studios,Western Artwork,"Western artwork by Wayne Heim spanning painterly portraits, narrative frontier scenes, and atmospheric landscapes for collectors seeking serious Western art.",https://www.k4studios.com/western-artwork,CollectionPage; Thing; ImageGallery; ImageObject; Person; BreadcrumbList; ListItem; FAQPage
old west posters,260,14,c,-,Unranked,Vintage Western / Old West,,no,/vintage-western-art,no current landing,,strengthen/build commercial doorway target,70,missing,doorway / hub,,,Vintage Western Art,Vintage Western Art,"Vintage western art by Wayne Heim featuring vintage cowboy art, old-west atmosphere, and painterly frontier prints created for collectors rather than...",https://www.k4studios.com/vintage-western-art,CollectionPage; Thing; ImageGallery; ImageObject; Person; BreadcrumbList; ListItem; FAQPage
train photography,140,9,i,23,21-40,Train / transportation,/Galleries/Fine-Art-Photography/Transportation/Trains,yes,/Galleries/Fine-Art-Photography/Transportation/Trains,yes,,strengthen existing page,70,gallery,gallery,railwayTraditional,train photography,Train & Locomotive Fine Art Photography by Wayne Heim,Train & Locomotive Fine Art Photography by Wayne Heim – Traditional Prints,"Step into the world of railroads with Wayne Heim’s traditional train photography. This gallery features historic steam locomotives, vintage railcars, and modern...",https://www.k4studios.com/Galleries/Fine-Art-Photography/Transportation/Trains,CollectionPage; Thing; ImageGallery; ImageObject; Person
vintage cowboy wall art,50,4,c,-,Unranked,Vintage Western / Old West,,no,/vintage-western-art,no current landing,,strengthen/build commercial doorway target,70,missing,doorway / hub,,,Vintage Western Art,Vintage Western Art,"Vintage western art by Wayne Heim featuring vintage cowboy art, old-west atmosphere, and painterly frontier prints created for collectors rather than...",https://www.k4studios.com/vintage-western-art,CollectionPage; Thing; ImageGallery; ImageObject; Person; BreadcrumbList; ListItem; FAQPage
western cowboy photography,30,18,i|c,30,21-40,Cowboy / Western portraits,/Galleries/Painterly-Fine-Art-Photography/Facing-History/Western-Cowboy-Portraits/Color/all,yes,/Galleries/Painterly-Fine-Art-Photography/Facing-History/Western-Cowboy-Portraits,review,possible,resolve landing mismatch / possible cannibalization,70,gallery,gallery,westernCowboyHub,Western Cowboy Photography,Western Cowboy Portraits - Color Collection (147 Images),Western Cowboy Portraits – Color Collection (147 Images),"Browse the full collection of 147 painterly Western cowboy portraits in color by Wayne Heim. Cinematic frontier photography featuring authentic cowboys, ranch...",https://www.k4studios.com/Galleries/Painterly-Fine-Art-Photography/Facing-History/Western-Cowboy-Portraits/Color/all,WebSite; Organization; ImageObject; Person; CollectionPage; BreadcrumbList; ListItem
western frontier art,20,21,i|c,17,11-20,Wild West / frontier,/wild-west-art,yes,/wild-west-art,yes,,strengthen existing page,70,doorway / hub,doorway / hub,,,Wild West Art | Frontier Artwork by Wayne Heim - K4 Studios,Wild West Art,"Wild West art by Wayne Heim featuring frontier narratives, painterly Wild West artwork, and historically inflected imagery grounded in atmosphere and story.",https://www.k4studios.com/wild-west-art,CollectionPage; Thing; ImageGallery; ImageObject; Person; BreadcrumbList; ListItem; FAQPage
western cowboy artwork,140,7,i|c,-,Unranked,Broad commercial Western / cowboy art,,no,/Western-Wall-Art,no current landing,,strengthen/build commercial doorway target,69,missing,doorway / hub,,,Western Wall Art - Cowboy Fine Art Prints,Western Wall Art,"Museum-quality Western wall art and wild west cowboy photography by Wayne Heim. Vintage western art, cowboy portraits, and frontier landscapes - cinematic,...",https://www.k4studios.com/Western-Wall-Art,CollectionPage; Thing; ImageGallery; ImageObject; Person; BreadcrumbList; ListItem; FAQPage
western artwork for sale,90,4,t,-,Unranked,Broad commercial Western / cowboy art,,no,/western-artwork,no current landing,,build supporting article/page or strengthen target,69,missing,doorway / hub,,,Western Artwork | Painterly Western Art by Wayne Heim - K4 Studios,Western Artwork,"Western artwork by Wayne Heim spanning painterly portraits, narrative frontier scenes, and atmospheric landscapes for collectors seeking serious Western art.",https://www.k4studios.com/western-artwork,CollectionPage; Thing; ImageGallery; ImageObject; Person; BreadcrumbList; ListItem; FAQPage
reenactment photography,70,0,i,9,4-10,History / reenactment / war,/Galleries/Fine-Art-Photography/Miscellaneous/Reenactments,yes,/Galleries/Fine-Art-Photography/Portraits/Reenactors,review,possible,improve internal linking to intended target without disturbing winner,69,gallery,gallery,reenactorsTraditional,reenactment photography,Traditional Reenactment Photography by Wayne Heim,Traditional Reenactment Photography by Wayne Heim – Fine Art of Living History,"Step back in time with Wayne Heim’s traditional reenactment photography. This gallery captures the spirit of living history events - Civil War battles,...",https://www.k4studios.com/Galleries/Fine-Art-Photography/Miscellaneous/Reenactments,CollectionPage; Thing; ImageGallery; ImageObject; Person
black and white western photography,40,8,c,9,4-10,Black-and-white Western / cowboy,/Galleries/Painterly-Fine-Art-Photography/Facing-History/Western-Cowboy-Portraits/Black-White,yes,/Western-Black-and-White-Photography,review,possible,improve internal linking to intended target without disturbing winner,69,gallery,doorway / hub,westernBlackWhiteHub,Black and White Western Photography,Black & White Western Portraits - Painterly Fine Art Photography,Black & White Western Portraits — Painterly Fine Art Photography,"Discover Black &#38; White Western Portraits that distill the American frontier into light, shadow, expression, and consequence. These images remove the warmth of...",https://www.k4studios.com/Galleries/Painterly-Fine-Art-Photography/Facing-History/Western-Cowboy-Portraits/Black-White,CollectionPage; Thing; ImageGallery; ImageObject; Person; ItemList; ListItem
vintage cowboy art prints,40,4,t,-,Unranked,Vintage Western / Old West,,no,/vintage-western-art,no current landing,,build supporting article/page or strengthen target,69,missing,doorway / hub,,,Vintage Western Art,Vintage Western Art,"Vintage western art by Wayne Heim featuring vintage cowboy art, old-west atmosphere, and painterly frontier prints created for collectors rather than...",https://www.k4studios.com/vintage-western-art,CollectionPage; Thing; ImageGallery; ImageObject; Person; BreadcrumbList; ListItem; FAQPage
fine art western,20,17,i|c,36,21-40,Western fine art photography,/Western-Fine-Art-Photography,yes,/Western-Fine-Art-Photography,yes,,strengthen existing page,69,doorway / hub,doorway / hub,westernHubLanding,fine art western,Western Fine Art Photography,Western Fine Art Photography,"Western fine art photography by Wayne Heim: authored, painterly fine art of the American West centered on cowboy portraits, frontier characters, and...",https://www.k4studios.com/Western-Fine-Art-Photography,CollectionPage; Thing; ImageGallery; ImageObject; Person; BreadcrumbList; ListItem; FAQPage
roaring 20s inspired photography,10,0,i,21,21-40,History / reenactment / war,/Galleries/Painterly-Fine-Art-Photography/Facing-History/Roaring-20s-Portraits,yes,/Historical-Reenactment-Photography,review,possible,resolve landing mismatch / possible cannibalization,69,gallery,doorway / hub,,,1920s Portraits | Roaring 20s & Jazz Age Photography by Wayne Heim,1920s Portraits,"1920s portraits by Wayne Heim featuring Roaring 20s and Jazz Age flappers, gangsters, G-men, musicians, and speakeasy characters interpreted through painterly...",https://www.k4studios.com/Galleries/Painterly-Fine-Art-Photography/Facing-History/Roaring-20s-Portraits,CollectionPage; Thing; ImageGallery; ImageObject; Person
man cave decor,2400,25,c,-,Unranked,Broad commercial Western / cowboy art,,no,/Western-Wall-Art,no current landing,,strengthen/build commercial doorway target,68,missing,doorway / hub,,,Western Wall Art - Cowboy Fine Art Prints,Western Wall Art,"Museum-quality Western wall art and wild west cowboy photography by Wayne Heim. Vintage western art, cowboy portraits, and frontier landscapes - cinematic,...",https://www.k4studios.com/Western-Wall-Art,CollectionPage; Thing; ImageGallery; ImageObject; Person; BreadcrumbList; ListItem; FAQPage
pictures wild west,1000,32,i,-,Unranked,Wild West / frontier,,no,/Galleries/Painterly-Fine-Art-Photography/Facing-History/Wild-West,no current landing,,build supporting article/page or strengthen target,68,missing,gallery,,,Wild West Photography - Wayne Heim,Wild West — Art of The American Frontier,"Wild West photography by Wayne Heim: painterly frontier images of legend, labor, endurance, and the human lives beneath the myth of the American West.",https://www.k4studios.com/Galleries/Painterly-Fine-Art-Photography/Facing-History/Wild-West,CollectionPage; Thing; ImageGallery; ImageObject; Person; ItemList; ListItem
famous western paintings,480,16,i|c,-,Unranked,Broad commercial Western / cowboy art,,no,/Western-Wall-Art,no current landing,,strengthen/build commercial doorway target,68,missing,doorway / hub,,,Western Wall Art - Cowboy Fine Art Prints,Western Wall Art,"Museum-quality Western wall art and wild west cowboy photography by Wayne Heim. Vintage western art, cowboy portraits, and frontier landscapes - cinematic,...",https://www.k4studios.com/Western-Wall-Art,CollectionPage; Thing; ImageGallery; ImageObject; Person; BreadcrumbList; ListItem; FAQPage
western artists paintings,320,14,i|c,-,Unranked,Broad commercial Western / cowboy art,,no,/Western-Wall-Art,no current landing,,strengthen/build commercial doorway target,68,missing,doorway / hub,,,Western Wall Art - Cowboy Fine Art Prints,Western Wall Art,"Museum-quality Western wall art and wild west cowboy photography by Wayne Heim. Vintage western art, cowboy portraits, and frontier landscapes - cinematic,...",https://www.k4studios.com/Western-Wall-Art,CollectionPage; Thing; ImageGallery; ImageObject; Person; BreadcrumbList; ListItem; FAQPage
wild west paintings,260,23,i|c,-,Unranked,Wild West / frontier,,no,/wild-west-art,no current landing,,strengthen/build commercial doorway target,68,missing,doorway / hub,,,Wild West Art | Frontier Artwork by Wayne Heim - K4 Studios,Wild West Art,"Wild West art by Wayne Heim featuring frontier narratives, painterly Wild West artwork, and historically inflected imagery grounded in atmosphere and story.",https://www.k4studios.com/wild-west-art,CollectionPage; Thing; ImageGallery; ImageObject; Person; BreadcrumbList; ListItem; FAQPage
old west art,210,17,i|c,-,Unranked,Vintage Western / Old West,,no,/vintage-western-art,no current landing,,strengthen/build commercial doorway target,68,missing,doorway / hub,,,Vintage Western Art,Vintage Western Art,"Vintage western art by Wayne Heim featuring vintage cowboy art, old-west atmosphere, and painterly frontier prints created for collectors rather than...",https://www.k4studios.com/vintage-western-art,CollectionPage; Thing; ImageGallery; ImageObject; Person; BreadcrumbList; ListItem; FAQPage
contemporary western art,170,10,c,-,Unranked,Broad commercial Western / cowboy art,,no,/Contemporary-Western-Art,no current landing,,strengthen/build commercial doorway target,68,missing,doorway / hub,glossaryContemporaryWesternArt,contemporary Western art,Contemporary Western Art,Contemporary Western Art,Contemporary Western art by Wayne Heim: present-tense painterly photography carrying the tradition of American Western art forward through modern visual...,https://www.k4studios.com/Contemporary-Western-Art,CollectionPage; Thing; ImageGallery; ImageObject; Person; BreadcrumbList; ListItem; FAQPage
vintage old west,90,11,c,-,Unranked,Vintage Western / Old West,,no,/vintage-western-art,no current landing,,strengthen/build commercial doorway target,68,missing,doorway / hub,,,Vintage Western Art,Vintage Western Art,"Vintage western art by Wayne Heim featuring vintage cowboy art, old-west atmosphere, and painterly frontier prints created for collectors rather than...",https://www.k4studios.com/vintage-western-art,CollectionPage; Thing; ImageGallery; ImageObject; Person; BreadcrumbList; ListItem; FAQPage
western photographer,90,15,i,-,Unranked,Cowboy / Western portraits,,no,/Galleries/Painterly-Fine-Art-Photography/Facing-History/Western-Cowboy-Portraits,no current landing,,build supporting article/page or strengthen target,68,missing,gallery,westernCowboyHub,western photographer,Western Cowboy Portraits - Wayne Heim,Western Portraits — Painterly Fine Art Photography,"Western cowboy portraits by Wayne Heim: painterly fine art portraits of frontier characters, Old West figures, and historically grounded subjects of the...",https://www.k4studios.com/Galleries/Painterly-Fine-Art-Photography/Facing-History/Western-Cowboy-Portraits,CollectionPage; Thing; ImageGallery; ImageObject; Person; ItemList; ListItem
western landscape photography,50,0,i,38,21-40,Landscape / travel,/Galleries/Painterly-Fine-Art-Photography/Landscapes/By-Location/West/Gallery,yes,/Galleries/Painterly-Fine-Art-Photography/Landscapes/By-Location/West/Gallery,yes,,strengthen existing page,68,gallery,gallery,landscapeWestPainterly,western landscape photography,Painterly Western Landscape Photography Prints,Painterly Western Landscape Photography Prints – Fine Art of the American West by Wayne Heim,"Explore painterly Western landscape photography by Wayne Heim, capturing evocative scenes from towering mountain ranges, vast deserts, wild rivers, and iconic...",https://www.k4studios.com/Galleries/Painterly-Fine-Art-Photography/Landscapes/By-Location/West/Gallery,CollectionPage; Thing; ImageGallery; ImageObject; Person
western wall art decor,40,0,i|c,-,Unranked,Broad commercial Western / cowboy art,,no,/Western-Wall-Art,no current landing,,strengthen/build commercial doorway target,68,missing,doorway / hub,,,Western Wall Art - Cowboy Fine Art Prints,Western Wall Art,"Museum-quality Western wall art and wild west cowboy photography by Wayne Heim. Vintage western art, cowboy portraits, and frontier landscapes - cinematic,...",https://www.k4studios.com/Western-Wall-Art,CollectionPage; Thing; ImageGallery; ImageObject; Person; BreadcrumbList; ListItem; FAQPage
the art of the old west,20,2,i,-,Unranked,Vintage Western / Old West,,no,/vintage-western-art,no current landing,,build supporting article/page or strengthen target,68,missing,doorway / hub,,,Vintage Western Art,Vintage Western Art,"Vintage western art by Wayne Heim featuring vintage cowboy art, old-west atmosphere, and painterly frontier prints created for collectors rather than...",https://www.k4studios.com/vintage-western-art,CollectionPage; Thing; ImageGallery; ImageObject; Person; BreadcrumbList; ListItem; FAQPage
civil war art,1900,25,c,-,Unranked,History / reenactment / war,,no,/Civil-War-Art,no current landing,,strengthen/build commercial doorway target,67,missing,doorway / hub,,,Civil War Art | Civil War Photography & Narrative Fine Art,Civil War Art | Narrative Fine Art Photography,"Explore Civil War art through painterly fine art photography. Narrative Civil War images built as cinematic, story-driven moments beyond traditional historical...",https://www.k4studios.com/Civil-War-Art,Article; WebPage; Person; Organization; ImageObject; FAQPage; Question; Answer
wild west outlaws,1600,36,i,-,Unranked,Wild West / frontier,,no,/Galleries/Painterly-Fine-Art-Photography/Facing-History/Wild-West,no current landing,,build supporting article/page or strengthen target,67,missing,gallery,,,Wild West Photography - Wayne Heim,Wild West — Art of The American Frontier,"Wild West photography by Wayne Heim: painterly frontier images of legend, labor, endurance, and the human lives beneath the myth of the American West.",https://www.k4studios.com/Galleries/Painterly-Fine-Art-Photography/Facing-History/Wild-West,CollectionPage; Thing; ImageGallery; ImageObject; Person; ItemList; ListItem
wild west time period,1600,38,i,-,Unranked,Wild West / frontier,,no,/Galleries/Painterly-Fine-Art-Photography/Facing-History/Wild-West,no current landing,,build supporting article/page or strengthen target,67,missing,gallery,,,Wild West Photography - Wayne Heim,Wild West — Art of The American Frontier,"Wild West photography by Wayne Heim: painterly frontier images of legend, labor, endurance, and the human lives beneath the myth of the American West.",https://www.k4studios.com/Galleries/Painterly-Fine-Art-Photography/Facing-History/Wild-West,CollectionPage; Thing; ImageGallery; ImageObject; Person; ItemList; ListItem
wild west cowboys,1300,45,i,-,Unranked,Wild West / frontier,,no,/Galleries/Painterly-Fine-Art-Photography/Facing-History/Wild-West,no current landing,,build supporting article/page or strengthen target,67,missing,gallery,,,Wild West Photography - Wayne Heim,Wild West — Art of The American Frontier,"Wild West photography by Wayne Heim: painterly frontier images of legend, labor, endurance, and the human lives beneath the myth of the American West.",https://www.k4studios.com/Galleries/Painterly-Fine-Art-Photography/Facing-History/Wild-West,CollectionPage; Thing; ImageGallery; ImageObject; Person; ItemList; ListItem
wild west photos,1300,36,i,-,Unranked,Wild West / frontier,,no,/Galleries/Painterly-Fine-Art-Photography/Facing-History/Wild-West,no current landing,,build supporting article/page or strengthen target,67,missing,gallery,,,Wild West Photography - Wayne Heim,Wild West — Art of The American Frontier,"Wild West photography by Wayne Heim: painterly frontier images of legend, labor, endurance, and the human lives beneath the myth of the American West.",https://www.k4studios.com/Galleries/Painterly-Fine-Art-Photography/Facing-History/Wild-West,CollectionPage; Thing; ImageGallery; ImageObject; Person; ItemList; ListItem
cowboy western paintings,170,11,i|c,-,Unranked,Broad commercial Western / cowboy art,,no,/Western-Wall-Art,no current landing,,strengthen/build commercial doorway target,67,missing,doorway / hub,,,Western Wall Art - Cowboy Fine Art Prints,Western Wall Art,"Museum-quality Western wall art and wild west cowboy photography by Wayne Heim. Vintage western art, cowboy portraits, and frontier landscapes - cinematic,...",https://www.k4studios.com/Western-Wall-Art,CollectionPage; Thing; ImageGallery; ImageObject; Person; BreadcrumbList; ListItem; FAQPage
modern western interior design,170,11,i,-,Unranked,Broad commercial Western / cowboy art,,no,/Western-Wall-Art,no current landing,,build supporting article/page or strengthen target,67,missing,doorway / hub,,,Western Wall Art - Cowboy Fine Art Prints,Western Wall Art,"Museum-quality Western wall art and wild west cowboy photography by Wayne Heim. Vintage western art, cowboy portraits, and frontier landscapes - cinematic,...",https://www.k4studios.com/Western-Wall-Art,CollectionPage; Thing; ImageGallery; ImageObject; Person; BreadcrumbList; ListItem; FAQPage
rustic western wall decor,110,8,i|c,-,Unranked,Broad commercial Western / cowboy art,,no,/Western-Wall-Art,no current landing,,strengthen/build commercial doorway target,67,missing,doorway / hub,,,Western Wall Art - Cowboy Fine Art Prints,Western Wall Art,"Museum-quality Western wall art and wild west cowboy photography by Wayne Heim. Vintage western art, cowboy portraits, and frontier landscapes - cinematic,...",https://www.k4studios.com/Western-Wall-Art,CollectionPage; Thing; ImageGallery; ImageObject; Person; BreadcrumbList; ListItem; FAQPage
retro vintage cowboy art,90,14,i|c,-,Unranked,Vintage Western / Old West,,no,/vintage-western-art,no current landing,,strengthen/build commercial doorway target,67,missing,doorway / hub,,,Vintage Western Art,Vintage Western Art,"Vintage western art by Wayne Heim featuring vintage cowboy art, old-west atmosphere, and painterly frontier prints created for collectors rather than...",https://www.k4studios.com/vintage-western-art,CollectionPage; Thing; ImageGallery; ImageObject; Person; BreadcrumbList; ListItem; FAQPage
vintage western artwork,90,13,c,-,Unranked,Vintage Western / Old West,,no,/vintage-western-art,no current landing,,strengthen/build commercial doorway target,67,missing,doorway / hub,,,Vintage Western Art,Vintage Western Art,"Vintage western art by Wayne Heim featuring vintage cowboy art, old-west atmosphere, and painterly frontier prints created for collectors rather than...",https://www.k4studios.com/vintage-western-art,CollectionPage; Thing; ImageGallery; ImageObject; Person; BreadcrumbList; ListItem; FAQPage
wild west cowboy art,20,7,i|c,-,Unranked,Wild West / frontier,,no,/wild-west-art,no current landing,,strengthen/build commercial doorway target,67,missing,doorway / hub,westernCowboyHub,wild west cowboy art,Wild West Art | Frontier Artwork by Wayne Heim - K4 Studios,Wild West Art,"Wild West art by Wayne Heim featuring frontier narratives, painterly Wild West artwork, and historically inflected imagery grounded in atmosphere and story.",https://www.k4studios.com/wild-west-art,CollectionPage; Thing; ImageGallery; ImageObject; Person; BreadcrumbList; ListItem; FAQPage
cowboy fine art photography,0,6,i,20,11-20,Western fine art photography,/Cowboy-Fine-Art-Photography,yes,/Western-Cowboy-Photography,review,possible,improve internal linking to intended target without disturbing winner,67,doorway / hub,doorway / hub,westernCowboyHub,cowboy fine art photography,Cowboy Fine Art Photography - Wayne Heim,Cowboy Fine Art Photography,Cowboy fine art photography by Wayne Heim. This collection features cowboy photography and black and white cowboy photography - authentic portraits of...,https://www.k4studios.com/Cowboy-Fine-Art-Photography,CollectionPage; Thing; ImageGallery; ImageObject; Person; BreadcrumbList; ListItem; FAQPage
vintage cowboy images,140,19,c,-,Unranked,Vintage Western / Old West,,no,/vintage-western-art,no current landing,,strengthen/build commercial doorway target,66,missing,doorway / hub,,,Vintage Western Art,Vintage Western Art,"Vintage western art by Wayne Heim featuring vintage cowboy art, old-west atmosphere, and painterly frontier prints created for collectors rather than...",https://www.k4studios.com/vintage-western-art,CollectionPage; Thing; ImageGallery; ImageObject; Person; BreadcrumbList; ListItem; FAQPage
cool cowboy art,90,9,i|c,-,Unranked,Broad commercial Western / cowboy art,,no,/Western-Wall-Art,no current landing,,strengthen/build commercial doorway target,66,missing,doorway / hub,,,Western Wall Art - Cowboy Fine Art Prints,Western Wall Art,"Museum-quality Western wall art and wild west cowboy photography by Wayne Heim. Vintage western art, cowboy portraits, and frontier landscapes - cinematic,...",https://www.k4studios.com/Western-Wall-Art,CollectionPage; Thing; ImageGallery; ImageObject; Person; BreadcrumbList; ListItem; FAQPage
vintage western photos,90,16,c,-,Unranked,Vintage Western / Old West,,no,/vintage-western-art,no current landing,,strengthen/build commercial doorway target,66,missing,doorway / hub,,,Vintage Western Art,Vintage Western Art,"Vintage western art by Wayne Heim featuring vintage cowboy art, old-west atmosphere, and painterly frontier prints created for collectors rather than...",https://www.k4studios.com/vintage-western-art,CollectionPage; Thing; ImageGallery; ImageObject; Person; BreadcrumbList; ListItem; FAQPage
western paintings for sale,90,10,t,-,Unranked,Broad commercial Western / cowboy art,,no,/Western-Wall-Art,no current landing,,build supporting article/page or strengthen target,66,missing,doorway / hub,,,Western Wall Art - Cowboy Fine Art Prints,Western Wall Art,"Museum-quality Western wall art and wild west cowboy photography by Wayne Heim. Vintage western art, cowboy portraits, and frontier landscapes - cinematic,...",https://www.k4studios.com/Western-Wall-Art,CollectionPage; Thing; ImageGallery; ImageObject; Person; BreadcrumbList; ListItem; FAQPage
western prints for sale,40,3,t,-,Unranked,Broad commercial Western / cowboy art,,no,/Western-Wall-Art,no current landing,,build supporting article/page or strengthen target,66,missing,doorway / hub,,,Western Wall Art - Cowboy Fine Art Prints,Western Wall Art,"Museum-quality Western wall art and wild west cowboy photography by Wayne Heim. Vintage western art, cowboy portraits, and frontier landscapes - cinematic,...",https://www.k4studios.com/Western-Wall-Art,CollectionPage; Thing; ImageGallery; ImageObject; Person; BreadcrumbList; ListItem; FAQPage
era of the wild west,720,42,i,-,Unranked,Wild West / frontier,,no,/Galleries/Painterly-Fine-Art-Photography/Facing-History/Wild-West,no current landing,,build supporting article/page or strengthen target,65,missing,gallery,,,Wild West Photography - Wayne Heim,Wild West — Art of The American Frontier,"Wild West photography by Wayne Heim: painterly frontier images of legend, labor, endurance, and the human lives beneath the myth of the American West.",https://www.k4studios.com/Galleries/Painterly-Fine-Art-Photography/Facing-History/Wild-West,CollectionPage; Thing; ImageGallery; ImageObject; Person; ItemList; ListItem
western landscape art,320,4,i|c,-,Unranked,Landscape / travel,,no,/Galleries/Painterly-Fine-Art-Photography/Landscapes/By-Location/West/Gallery,no current landing,,strengthen/build commercial doorway target,65,missing,gallery,landscapeWestPainterly,western landscape art,Painterly Western Landscape Photography Prints,Painterly Western Landscape Photography Prints – Fine Art of the American West by Wayne Heim,"Explore painterly Western landscape photography by Wayne Heim, capturing evocative scenes from towering mountain ranges, vast deserts, wild rivers, and iconic...",https://www.k4studios.com/Galleries/Painterly-Fine-Art-Photography/Landscapes/By-Location/West/Gallery,CollectionPage; Thing; ImageGallery; ImageObject; Person
contemporary western interior design,140,15,i,-,Unranked,Broad commercial Western / cowboy art,,no,/Western-Wall-Art,no current landing,,build supporting article/page or strengthen target,65,missing,doorway / hub,,,Western Wall Art - Cowboy Fine Art Prints,Western Wall Art,"Museum-quality Western wall art and wild west cowboy photography by Wayne Heim. Vintage western art, cowboy portraits, and frontier landscapes - cinematic,...",https://www.k4studios.com/Western-Wall-Art,CollectionPage; Thing; ImageGallery; ImageObject; Person; BreadcrumbList; ListItem; FAQPage
old west paintings,110,19,c,-,Unranked,Vintage Western / Old West,,no,/vintage-western-art,no current landing,,strengthen/build commercial doorway target,65,missing,doorway / hub,,,Vintage Western Art,Vintage Western Art,"Vintage western art by Wayne Heim featuring vintage cowboy art, old-west atmosphere, and painterly frontier prints created for collectors rather than...",https://www.k4studios.com/vintage-western-art,CollectionPage; Thing; ImageGallery; ImageObject; Person; BreadcrumbList; ListItem; FAQPage
western art for sale,110,12,t,-,Unranked,Broad commercial Western / cowboy art,,no,/Western-Wall-Art,no current landing,,build supporting article/page or strengthen target,65,missing,doorway / hub,,,Western Wall Art - Cowboy Fine Art Prints,Western Wall Art,"Museum-quality Western wall art and wild west cowboy photography by Wayne Heim. Vintage western art, cowboy portraits, and frontier landscapes - cinematic,...",https://www.k4studios.com/Western-Wall-Art,CollectionPage; Thing; ImageGallery; ImageObject; Person; BreadcrumbList; ListItem; FAQPage
western photography art,10,7,c,8,4-10,Western fine art photography,/Western-Photography-Prints,yes,/Western-Photography-Art,review,possible,improve internal linking to intended target without disturbing winner,65,doorway / hub,doorway / hub,westernPhotographyArtHub,Western Photography Art,Western Photography Prints,Western Photography Prints,"Western photography prints by Wayne Heim presented as a curated entry into story-driven cowboy portraits, Wild West narratives, and collector-grade Western wall...",https://www.k4studios.com/Western-Photography-Prints,CollectionPage; Thing; ImageGallery; ImageObject; Person; BreadcrumbList; ListItem; FAQPage
wild west inspired photography,10,6,i,-,Unranked,Wild West / frontier,,no,/Galleries/Painterly-Fine-Art-Photography/Facing-History/Wild-West,no current landing,,build supporting article/page or strengthen target,65,missing,gallery,,,Wild West Photography - Wayne Heim,Wild West — Art of The American Frontier,"Wild West photography by Wayne Heim: painterly frontier images of legend, labor, endurance, and the human lives beneath the myth of the American West.",https://www.k4studios.com/Galleries/Painterly-Fine-Art-Photography/Facing-History/Wild-West,CollectionPage; Thing; ImageGallery; ImageObject; Person; ItemList; ListItem
what is the wild west,590,41,i,-,Unranked,Wild West / frontier,,no,/Galleries/Painterly-Fine-Art-Photography/Facing-History/Wild-West,no current landing,,build supporting article/page or strengthen target,64,missing,gallery,,,Wild West Photography - Wayne Heim,Wild West — Art of The American Frontier,"Wild West photography by Wayne Heim: painterly frontier images of legend, labor, endurance, and the human lives beneath the myth of the American West.",https://www.k4studios.com/Galleries/Painterly-Fine-Art-Photography/Facing-History/Wild-West,CollectionPage; Thing; ImageGallery; ImageObject; Person; ItemList; ListItem
vintage cowboy photos,140,23,c,-,Unranked,Vintage Western / Old West,,no,/vintage-western-art,no current landing,,strengthen/build commercial doorway target,64,missing,doorway / hub,,,Vintage Western Art,Vintage Western Art,"Vintage western art by Wayne Heim featuring vintage cowboy art, old-west atmosphere, and painterly frontier prints created for collectors rather than...",https://www.k4studios.com/vintage-western-art,CollectionPage; Thing; ImageGallery; ImageObject; Person; BreadcrumbList; ListItem; FAQPage
wild west native american,110,25,i,-,Unranked,Wild West / frontier,,no,/Galleries/Painterly-Fine-Art-Photography/Facing-History/Wild-West,no current landing,,build supporting article/page or strengthen target,64,missing,gallery,,,Wild West Photography - Wayne Heim,Wild West — Art of The American Frontier,"Wild West photography by Wayne Heim: painterly frontier images of legend, labor, endurance, and the human lives beneath the myth of the American West.",https://www.k4studios.com/Galleries/Painterly-Fine-Art-Photography/Facing-History/Wild-West,CollectionPage; Thing; ImageGallery; ImageObject; Person; ItemList; ListItem
western fine art,20,13,i,-,Unranked,Western fine art photography,,no,/Western-Fine-Art-Photography,no current landing,,build supporting article/page or strengthen target,64,missing,doorway / hub,westernHubLanding,western fine art,Western Fine Art Photography,Western Fine Art Photography,"Western fine art photography by Wayne Heim: authored, painterly fine art of the American West centered on cowboy portraits, frontier characters, and...",https://www.k4studios.com/Western-Fine-Art-Photography,CollectionPage; Thing; ImageGallery; ImageObject; Person; BreadcrumbList; ListItem; FAQPage
american wild west,480,50,i|t,-,Unranked,Wild West / frontier,,no,/Galleries/Painterly-Fine-Art-Photography/Facing-History/Wild-West,no current landing,,build supporting article/page or strengthen target,63,missing,gallery,,,Wild West Photography - Wayne Heim,Wild West — Art of The American Frontier,"Wild West photography by Wayne Heim: painterly frontier images of legend, labor, endurance, and the human lives beneath the myth of the American West.",https://www.k4studios.com/Galleries/Painterly-Fine-Art-Photography/Facing-History/Wild-West,CollectionPage; Thing; ImageGallery; ImageObject; Person; ItemList; ListItem
cowboys wild west,480,42,i,-,Unranked,Wild West / frontier,,no,/Galleries/Painterly-Fine-Art-Photography/Facing-History/Wild-West,no current landing,,build supporting article/page or strengthen target,63,missing,gallery,,,Wild West Photography - Wayne Heim,Wild West — Art of The American Frontier,"Wild West photography by Wayne Heim: painterly frontier images of legend, labor, endurance, and the human lives beneath the myth of the American West.",https://www.k4studios.com/Galleries/Painterly-Fine-Art-Photography/Facing-History/Wild-West,CollectionPage; Thing; ImageGallery; ImageObject; Person; ItemList; ListItem
photos from the wild west,210,31,i,-,Unranked,Wild West / frontier,,no,/Galleries/Painterly-Fine-Art-Photography/Facing-History/Wild-West,no current landing,,build supporting article/page or strengthen target,63,missing,gallery,,,Wild West Photography - Wayne Heim,Wild West — Art of The American Frontier,"Wild West photography by Wayne Heim: painterly frontier images of legend, labor, endurance, and the human lives beneath the myth of the American West.",https://www.k4studios.com/Galleries/Painterly-Fine-Art-Photography/Facing-History/Wild-West,CollectionPage; Thing; ImageGallery; ImageObject; Person; ItemList; ListItem
western interior design,170,20,i,-,Unranked,Broad commercial Western / cowboy art,,no,/Western-Wall-Art,no current landing,,build supporting article/page or strengthen target,63,missing,doorway / hub,,,Western Wall Art - Cowboy Fine Art Prints,Western Wall Art,"Museum-quality Western wall art and wild west cowboy photography by Wayne Heim. Vintage western art, cowboy portraits, and frontier landscapes - cinematic,...",https://www.k4studios.com/Western-Wall-Art,CollectionPage; Thing; ImageGallery; ImageObject; Person; BreadcrumbList; ListItem; FAQPage
painterly photography,110,12,i,1,Top 3,Painterly photography,/Blog/what-is-painterly-photography,yes,/Blog/what-is-painterly-photography,yes,,defend existing winner,63,definition blog,definition blog,painterlyPhotographyDefinition,painterly photography,"What Is Painterly Photography? Definition, Editing, Fine Art",What Is Painterly Photography?,Painterly photography is a term used in many ways - from editing presets to fine art practice. This article distinguishes surface effects from the discipline of...,https://www.k4studios.com/Blog/what-is-painterly-photography,Article; WebPage; Person; Organization; ImageObject; DefinedTerm; FAQPage; Question
vintage cowboy pictures,110,23,c,-,Unranked,Vintage Western / Old West,,no,/vintage-western-art,no current landing,,strengthen/build commercial doorway target,63,missing,doorway / hub,,,Vintage Western Art,Vintage Western Art,"Vintage western art by Wayne Heim featuring vintage cowboy art, old-west atmosphere, and painterly frontier prints created for collectors rather than...",https://www.k4studios.com/vintage-western-art,CollectionPage; Thing; ImageGallery; ImageObject; Person; BreadcrumbList; ListItem; FAQPage
cowboy vintage art,20,11,c,-,Unranked,Vintage Western / Old West,,no,/vintage-western-art,no current landing,,strengthen/build commercial doorway target,63,missing,doorway / hub,,,Vintage Western Art,Vintage Western Art,"Vintage western art by Wayne Heim featuring vintage cowboy art, old-west atmosphere, and painterly frontier prints created for collectors rather than...",https://www.k4studios.com/vintage-western-art,CollectionPage; Thing; ImageGallery; ImageObject; Person; BreadcrumbList; ListItem; FAQPage
fine art canadian rockies photography,20,3,c,36,21-40,Landscape / travel,/Galleries/Fine-Art-Photography/Landscapes/By-Location/International/Canada-Western,yes,,review,,strengthen existing page,63,gallery,missing,,,Canadian Rockies & Western Canada Landscape Photography by Wayne Heim,Canadian Rockies & Western Canada Landscape Photography by Wayne Heim – Fine Art Prints,Experience the breathtaking spirit of the Canadian Rockies and Western Canada through Wayne Heim’s fine art landscape photography. This gallery highlights the...,https://www.k4studios.com/Galleries/Fine-Art-Photography/Landscapes/By-Location/International/Canada-Western,CollectionPage; Thing; Place; ImageGallery; ImageObject; Person
wild west wall art,20,16,c,-,Unranked,Wild West / frontier,,no,/wild-west-art,no current landing,,strengthen/build commercial doorway target,63,missing,doorway / hub,,,Wild West Art | Frontier Artwork by Wayne Heim - K4 Studios,Wild West Art,"Wild West art by Wayne Heim featuring frontier narratives, painterly Wild West artwork, and historically inflected imagery grounded in atmosphere and story.",https://www.k4studios.com/wild-west-art,CollectionPage; Thing; ImageGallery; ImageObject; Person; BreadcrumbList; ListItem; FAQPage
western fine art paintings,10,11,c,-,Unranked,Western fine art photography,,no,/Western-Fine-Art-Photography,no current landing,,strengthen/build commercial doorway target,63,missing,doorway / hub,,,Western Fine Art Photography,Western Fine Art Photography,"Western fine art photography by Wayne Heim: authored, painterly fine art of the American West centered on cowboy portraits, frontier characters, and...",https://www.k4studios.com/Western-Fine-Art-Photography,CollectionPage; Thing; ImageGallery; ImageObject; Person; BreadcrumbList; ListItem; FAQPage
wild west cowboy photography,10,24,i,24,21-40,Wild West / frontier,/Western-Cowboy-Photography,yes,/Western-Wall-Art,review,possible,resolve landing mismatch / possible cannibalization,63,doorway / hub,doorway / hub,westernWallArtHub,wild west cowboy photography,Western Cowboy Photography - Wayne Heim,Western Cowboy Photography,"Western cowboy photography and wild west cowboy portraits - authentic character studies from the American frontier, crafted with painterly depth and...",https://www.k4studios.com/Western-Cowboy-Photography,CollectionPage; Thing; ImageGallery; ImageObject; Person; BreadcrumbList; ListItem; FAQPage
western cowboy portraits,0,14,c,12,11-20,Cowboy / Western portraits,/Galleries/Painterly-Fine-Art-Photography/Facing-History/Western-Cowboy-Portraits,yes,/Galleries/Painterly-Fine-Art-Photography/Facing-History/Western-Cowboy-Portraits,yes,,strengthen existing page,63,gallery,gallery,cowboy,Western Cowboy Portraits,Western Cowboy Portraits - Wayne Heim,Western Portraits — Painterly Fine Art Photography,"Western cowboy portraits by Wayne Heim: painterly fine art portraits of frontier characters, Old West figures, and historically grounded subjects of the...",https://www.k4studios.com/Galleries/Painterly-Fine-Art-Photography/Facing-History/Western-Cowboy-Portraits,CollectionPage; Thing; ImageGallery; ImageObject; Person; ItemList; ListItem
vintage western images,70,22,c,-,Unranked,Vintage Western / Old West,,no,/vintage-western-art,no current landing,,strengthen/build commercial doorway target,62,missing,doorway / hub,,,Vintage Western Art,Vintage Western Art,"Vintage western art by Wayne Heim featuring vintage cowboy art, old-west atmosphere, and painterly frontier prints created for collectors rather than...",https://www.k4studios.com/vintage-western-art,CollectionPage; Thing; ImageGallery; ImageObject; Person; BreadcrumbList; ListItem; FAQPage
western artwork prints,70,15,c,-,Unranked,Broad commercial Western / cowboy art,,no,/western-artwork,no current landing,,strengthen/build commercial doorway target,62,missing,doorway / hub,,,Western Artwork | Painterly Western Art by Wayne Heim - K4 Studios,Western Artwork,"Western artwork by Wayne Heim spanning painterly portraits, narrative frontier scenes, and atmospheric landscapes for collectors seeking serious Western art.",https://www.k4studios.com/western-artwork,CollectionPage; Thing; ImageGallery; ImageObject; Person; BreadcrumbList; ListItem; FAQPage
old west poster,50,19,i|c,-,Unranked,Vintage Western / Old West,,no,/vintage-western-art,no current landing,,strengthen/build commercial doorway target,62,missing,doorway / hub,,,Vintage Western Art,Vintage Western Art,"Vintage western art by Wayne Heim featuring vintage cowboy art, old-west atmosphere, and painterly frontier prints created for collectors rather than...",https://www.k4studios.com/vintage-western-art,CollectionPage; Thing; ImageGallery; ImageObject; Person; BreadcrumbList; ListItem; FAQPage
old west cowboy art,20,14,i|c,-,Unranked,Vintage Western / Old West,,no,/vintage-western-art,no current landing,,strengthen/build commercial doorway target,62,missing,doorway / hub,,,Vintage Western Art,Vintage Western Art,"Vintage western art by Wayne Heim featuring vintage cowboy art, old-west atmosphere, and painterly frontier prints created for collectors rather than...",https://www.k4studios.com/vintage-western-art,CollectionPage; Thing; ImageGallery; ImageObject; Person; BreadcrumbList; ListItem; FAQPage
wild west fine art prints,10,12,c,-,Unranked,Wild West / frontier,,no,/wild-west-art,no current landing,,strengthen/build commercial doorway target,62,missing,doorway / hub,,,Wild West Art | Frontier Artwork by Wayne Heim - K4 Studios,Wild West Art,"Wild West art by Wayne Heim featuring frontier narratives, painterly Wild West artwork, and historically inflected imagery grounded in atmosphere and story.",https://www.k4studios.com/wild-west-art,CollectionPage; Thing; ImageGallery; ImageObject; Person; BreadcrumbList; ListItem; FAQPage
western frontier art prints,0,10,c,35,21-40,Wild West / frontier,/American-Western-Art,yes,/wild-west-art,review,possible,resolve landing mismatch / possible cannibalization,62,doorway / hub,doorway / hub,,,American Western Art,American Western Art,"Browse American Western art by Wayne Heim: collector-focused cowboy portraits, Indigenous portrait work, and frontier narrative scenes offered as...",https://www.k4studios.com/American-Western-Art,CollectionPage; Thing; ImageGallery; ImageObject; Person; BreadcrumbList; ListItem; FAQPage
old photos wild west,140,33,i,-,Unranked,Wild West / frontier,,no,/Galleries/Painterly-Fine-Art-Photography/Facing-History/Wild-West,no current landing,,build supporting article/page or strengthen target,61,missing,gallery,,,Wild West Photography - Wayne Heim,Wild West — Art of The American Frontier,"Wild West photography by Wayne Heim: painterly frontier images of legend, labor, endurance, and the human lives beneath the myth of the American West.",https://www.k4studios.com/Galleries/Painterly-Fine-Art-Photography/Facing-History/Wild-West,CollectionPage; Thing; ImageGallery; ImageObject; Person; ItemList; ListItem
cowboy decor ideas,90,19,c,-,Unranked,Broad commercial Western / cowboy art,,no,/Western-Wall-Art,no current landing,,strengthen/build commercial doorway target,61,missing,doorway / hub,,,Western Wall Art - Cowboy Fine Art Prints,Western Wall Art,"Museum-quality Western wall art and wild west cowboy photography by Wayne Heim. Vintage western art, cowboy portraits, and frontier landscapes - cinematic,...",https://www.k4studios.com/Western-Wall-Art,CollectionPage; Thing; ImageGallery; ImageObject; Person; BreadcrumbList; ListItem; FAQPage
vintage western pictures,90,26,c,-,Unranked,Vintage Western / Old West,,no,/vintage-western-art,no current landing,,strengthen/build commercial doorway target,61,missing,doorway / hub,,,Vintage Western Art,Vintage Western Art,"Vintage western art by Wayne Heim featuring vintage cowboy art, old-west atmosphere, and painterly frontier prints created for collectors rather than...",https://www.k4studios.com/vintage-western-art,CollectionPage; Thing; ImageGallery; ImageObject; Person; BreadcrumbList; ListItem; FAQPage
art of the old west,20,15,i|c,-,Unranked,Vintage Western / Old West,,no,/vintage-western-art,no current landing,,strengthen/build commercial doorway target,61,missing,doorway / hub,,,Vintage Western Art,Vintage Western Art,"Vintage western art by Wayne Heim featuring vintage cowboy art, old-west atmosphere, and painterly frontier prints created for collectors rather than...",https://www.k4studios.com/vintage-western-art,CollectionPage; Thing; ImageGallery; ImageObject; Person; BreadcrumbList; ListItem; FAQPage
vintage cowboy pics,50,23,c,-,Unranked,Vintage Western / Old West,,no,/vintage-western-art,no current landing,,strengthen/build commercial doorway target,60,missing,doorway / hub,,,Vintage Western Art,Vintage Western Art,"Vintage western art by Wayne Heim featuring vintage cowboy art, old-west atmosphere, and painterly frontier prints created for collectors rather than...",https://www.k4studios.com/vintage-western-art,CollectionPage; Thing; ImageGallery; ImageObject; Person; BreadcrumbList; ListItem; FAQPage
reenactor photography,30,5,i,3,Top 3,History / reenactment / war,/Historical-Reenactment-Photography,yes,/Galleries/Fine-Art-Photography/Portraits/Reenactors,review,possible,defend existing winner,60,doorway / hub,gallery,reenactorsTraditional,reenactor photography,Historical Reenactment Photography & Reenactor Portraits - Wayne Heim,Historical Reenactment Photography & Reenactor Portraits,"Historical reenactment photography, reenactor portraits, and living history photography covering Civil War, WWII, and frontier events through painterly,...",https://www.k4studios.com/Historical-Reenactment-Photography,CollectionPage; Thing; ImageGallery; ImageObject; Person; FAQPage; Question; Answer
painterly landscape photography,20,13,i|t,6,4-10,Painterly photography,/Galleries/Painterly-Fine-Art-Photography,yes,/Galleries/Painterly-Fine-Art-Photography/Landscapes/By-Location/West/Gallery,review,possible,improve internal linking to intended target without disturbing winner,60,gallery,gallery,landscapeWestPainterly,painterly landscape photography,Painterly Fine Art Photography by Wayne Heim,Painterly Fine Art Photography,"Painterly western, historical, and landscape fine art photography - cowboys, portraits, and atmospheric scenes crafted with cinematic storytelling -...",https://www.k4studios.com/Galleries/Painterly-Fine-Art-Photography,CollectionPage; Thing; ImageGallery; ImageObject; Person; Organization; ItemList; ListItem
painterly fine art photography,10,17,i|t,7,4-10,Western fine art photography,/Galleries/Painterly-Fine-Art-Photography,yes,/Galleries/Painterly-Fine-Art-Photography,yes,,strengthen existing page,60,gallery,gallery,glossaryPainterlyPhotography,painterly fine art photography,Painterly Fine Art Photography by Wayne Heim,Painterly Fine Art Photography,"Painterly western, historical, and landscape fine art photography - cowboys, portraits, and atmospheric scenes crafted with cinematic storytelling -...",https://www.k4studios.com/Galleries/Painterly-Fine-Art-Photography,CollectionPage; Thing; ImageGallery; ImageObject; Person; Organization; ItemList; ListItem
wild west themed photography,10,16,i,-,Unranked,Wild West / frontier,,no,/Galleries/Painterly-Fine-Art-Photography/Facing-History/Wild-West,no current landing,,build supporting article/page or strengthen target,60,missing,gallery,,,Wild West Photography - Wayne Heim,Wild West — Art of The American Frontier,"Wild West photography by Wayne Heim: painterly frontier images of legend, labor, endurance, and the human lives beneath the myth of the American West.",https://www.k4studios.com/Galleries/Painterly-Fine-Art-Photography/Facing-History/Wild-West,CollectionPage; Thing; ImageGallery; ImageObject; Person; ItemList; ListItem
history of the wild west cowboy,0,0,i,-,Unranked,Wild West / frontier,,no,/Galleries/Painterly-Fine-Art-Photography/Facing-History/Wild-West,no current landing,,build supporting article/page or strengthen target,60,missing,gallery,,,Wild West Photography - Wayne Heim,Wild West — Art of The American Frontier,"Wild West photography by Wayne Heim: painterly frontier images of legend, labor, endurance, and the human lives beneath the myth of the American West.",https://www.k4studios.com/Galleries/Painterly-Fine-Art-Photography/Facing-History/Wild-West,CollectionPage; Thing; ImageGallery; ImageObject; Person; ItemList; ListItem
limited edition western photography,0,1,c,7,4-10,Western fine art photography,/Western-Photography-Prints,yes,/Western-Fine-Art-Photography,review,possible,improve internal linking to intended target without disturbing winner,60,doorway / hub,doorway / hub,,,Western Photography Prints,Western Photography Prints,"Western photography prints by Wayne Heim presented as a curated entry into story-driven cowboy portraits, Wild West narratives, and collector-grade Western wall...",https://www.k4studios.com/Western-Photography-Prints,CollectionPage; Thing; ImageGallery; ImageObject; Person; BreadcrumbList; ListItem; FAQPage
western fine art prints,0,0,c,-,Unranked,Western fine art photography,,no,/Western-Fine-Art-Photography,no current landing,,strengthen/build commercial doorway target,60,missing,doorway / hub,westernHubLanding,western fine art prints,Western Fine Art Photography,Western Fine Art Photography,"Western fine art photography by Wayne Heim: authored, painterly fine art of the American West centered on cowboy portraits, frontier characters, and...",https://www.k4studios.com/Western-Fine-Art-Photography,CollectionPage; Thing; ImageGallery; ImageObject; Person; BreadcrumbList; ListItem; FAQPage
rustic western interior design,110,25,i,-,Unranked,Broad commercial Western / cowboy art,,no,/Western-Wall-Art,no current landing,,build supporting article/page or strengthen target,59,missing,doorway / hub,,,Western Wall Art - Cowboy Fine Art Prints,Western Wall Art,"Museum-quality Western wall art and wild west cowboy photography by Wayne Heim. Vintage western art, cowboy portraits, and frontier landscapes - cinematic,...",https://www.k4studios.com/Western-Wall-Art,CollectionPage; Thing; ImageGallery; ImageObject; Person; BreadcrumbList; ListItem; FAQPage
reenacting photos,50,31,i,24,21-40,History / reenactment / war,/Galleries/Fine-Art-Photography/Miscellaneous/Reenactments,yes,/Galleries/Fine-Art-Photography/Portraits/Reenactors,review,possible,resolve landing mismatch / possible cannibalization,59,gallery,gallery,reenactorsTraditional,reenacting photos,Traditional Reenactment Photography by Wayne Heim,Traditional Reenactment Photography by Wayne Heim – Fine Art of Living History,"Step back in time with Wayne Heim’s traditional reenactment photography. This gallery captures the spirit of living history events - Civil War battles,...",https://www.k4studios.com/Galleries/Fine-Art-Photography/Miscellaneous/Reenactments,CollectionPage; Thing; ImageGallery; ImageObject; Person
old west cowboy pics,110,33,i,-,Unranked,Vintage Western / Old West,,no,/vintage-western-art,no current landing,,build supporting article/page or strengthen target,58,missing,doorway / hub,,,Vintage Western Art,Vintage Western Art,"Vintage western art by Wayne Heim featuring vintage cowboy art, old-west atmosphere, and painterly frontier prints created for collectors rather than...",https://www.k4studios.com/vintage-western-art,CollectionPage; Thing; ImageGallery; ImageObject; Person; BreadcrumbList; ListItem; FAQPage
railway photography,90,16,i,-,Unranked,Train / transportation,,no,/Galleries/Fine-Art-Photography/Transportation/Trains,no current landing,,build supporting article/page or strengthen target,58,missing,gallery,railwayTraditional,Railway Photography,Train & Locomotive Fine Art Photography by Wayne Heim,Train & Locomotive Fine Art Photography by Wayne Heim – Traditional Prints,"Step into the world of railroads with Wayne Heim’s traditional train photography. This gallery features historic steam locomotives, vintage railcars, and modern...",https://www.k4studios.com/Galleries/Fine-Art-Photography/Transportation/Trains,CollectionPage; Thing; ImageGallery; ImageObject; Person
fine art painterly photography,20,12,i,1,Top 3,Painterly photography,/Blog/what-is-painterly-photography,yes,/Galleries/Painterly-Fine-Art-Photography/Facing-History,review,possible,defend existing winner,58,definition blog,gallery,facingHistory,fine art painterly photography,"What Is Painterly Photography? Definition, Editing, Fine Art",What Is Painterly Photography?,Painterly photography is a term used in many ways - from editing presets to fine art practice. This article distinguishes surface effects from the discipline of...,https://www.k4studios.com/Blog/what-is-painterly-photography,Article; WebPage; Person; Organization; ImageObject; DefinedTerm; FAQPage; Question
old west inspired photography,10,17,i,-,Unranked,Vintage Western / Old West,,no,/vintage-western-art,no current landing,,build supporting article/page or strengthen target,58,missing,doorway / hub,,,Vintage Western Art,Vintage Western Art,"Vintage western art by Wayne Heim featuring vintage cowboy art, old-west atmosphere, and painterly frontier prints created for collectors rather than...",https://www.k4studios.com/vintage-western-art,CollectionPage; Thing; ImageGallery; ImageObject; Person; BreadcrumbList; ListItem; FAQPage
wwii reenactment photography,10,2,i,3,Top 3,History / reenactment / war,/Galleries/Painterly-Fine-Art-Photography/Facing-History/WWII,yes,/Galleries/Painterly-Fine-Art-Photography/Facing-History/WWII,yes,,defend existing winner,58,gallery,gallery,,,"WWII Photography | World War II Portraits, Battle Scenes, and Machines","WWII Fine Art Photography — Painterly Stories of War, Portraits, and Machines","WWII fine art photography featuring World War II battle scenes, portraits, and military machines by Wayne Heim",https://www.k4studios.com/Galleries/Painterly-Fine-Art-Photography/Facing-History/WWII,CollectionPage; Thing; ImageGallery; ImageObject; Person
vintage themed western photography,0,0,c,-,Unranked,Vintage Western / Old West,,no,/vintage-western-art,no current landing,,strengthen/build commercial doorway target,58,missing,doorway / hub,,,Vintage Western Art,Vintage Western Art,"Vintage western art by Wayne Heim featuring vintage cowboy art, old-west atmosphere, and painterly frontier prints created for collectors rather than...",https://www.k4studios.com/vintage-western-art,CollectionPage; Thing; ImageGallery; ImageObject; Person; BreadcrumbList; ListItem; FAQPage
vintage train photography,20,27,i,17,11-20,Train / transportation,/Galleries/Fine-Art-Photography/Transportation/Trains,yes,/Galleries/Fine-Art-Photography/Transportation/Trains,yes,,strengthen existing page,57,gallery,gallery,railwayTraditional,vintage train photography,Train & Locomotive Fine Art Photography by Wayne Heim,Train & Locomotive Fine Art Photography by Wayne Heim – Traditional Prints,"Step into the world of railroads with Wayne Heim’s traditional train photography. This gallery features historic steam locomotives, vintage railcars, and modern...",https://www.k4studios.com/Galleries/Fine-Art-Photography/Transportation/Trains,CollectionPage; Thing; ImageGallery; ImageObject; Person
wild west outlaw art,20,27,c,-,Unranked,Wild West / frontier,,no,/wild-west-art,no current landing,,strengthen/build commercial doorway target,57,missing,doorway / hub,,,Wild West Art | Frontier Artwork by Wayne Heim - K4 Studios,Wild West Art,"Wild West art by Wayne Heim featuring frontier narratives, painterly Wild West artwork, and historically inflected imagery grounded in atmosphere and story.",https://www.k4studios.com/wild-west-art,CollectionPage; Thing; ImageGallery; ImageObject; Person; BreadcrumbList; ListItem; FAQPage
western interior designer,10,13,i,-,Unranked,Broad commercial Western / cowboy art,,no,/Western-Wall-Art,no current landing,,build supporting article/page or strengthen target,57,missing,doorway / hub,,,Western Wall Art - Cowboy Fine Art Prints,Western Wall Art,"Museum-quality Western wall art and wild west cowboy photography by Wayne Heim. Vintage western art, cowboy portraits, and frontier landscapes - cinematic,...",https://www.k4studios.com/Western-Wall-Art,CollectionPage; Thing; ImageGallery; ImageObject; Person; BreadcrumbList; ListItem; FAQPage
western painterly photography,10,9,i,1,Top 3,Painterly photography,/Painterly-Western-Photography,yes,/Galleries/Painterly-Fine-Art-Photography,review,possible,defend existing winner,57,doorway / hub,gallery,,,Painterly Western Photography - Wayne Heim,Painterly Western Photography,"Painterly Western photography by Wayne Heim. Explore the discipline, light, and narrative philosophy behind character-driven cowboy portraits and frontier...",https://www.k4studios.com/Painterly-Western-Photography,CollectionPage; Thing; ImageGallery; ImageObject; Person; BreadcrumbList; ListItem; FAQPage
photography western,210,19,i,35,21-40,Other / low fit,/Western-Cowboy-Photography,yes,,review,,strengthen existing page,56,doorway / hub,missing,,,Western Cowboy Photography - Wayne Heim,Western Cowboy Photography,"Western cowboy photography and wild west cowboy portraits - authentic character studies from the American frontier, crafted with painterly depth and...",https://www.k4studios.com/Western-Cowboy-Photography,CollectionPage; Thing; ImageGallery; ImageObject; Person; BreadcrumbList; ListItem; FAQPage
vintage western photography,20,25,c,-,Unranked,Vintage Western / Old West,,no,/vintage-western-art,no current landing,,strengthen/build commercial doorway target,56,missing,doorway / hub,glossaryVintageWesternPhotography,vintage western photography,Vintage Western Art,Vintage Western Art,"Vintage western art by Wayne Heim featuring vintage cowboy art, old-west atmosphere, and painterly frontier prints created for collectors rather than...",https://www.k4studios.com/vintage-western-art,CollectionPage; Thing; ImageGallery; ImageObject; Person; BreadcrumbList; ListItem; FAQPage
fine western art,10,15,c,-,Unranked,Broad commercial Western / cowboy art,,no,/Blog/what-is-western-art,no current landing,,strengthen/build commercial doorway target,56,missing,definition blog,,,"What Is Western Art? History, Meaning, and the Evolution | K4 Studios",What Is Western Art?,"Western art is more than cowboys and sunsets. Explore the history, meaning, and evolution of Western art from frontier paintings to contemporary photography.",https://www.k4studios.com/Blog/what-is-western-art,Article; WebPage; Person; Organization; ImageObject; DefinedTerm; BreadcrumbList; ListItem
old west cowboy photography,10,21,i,-,Unranked,Vintage Western / Old West,,no,/vintage-western-art,no current landing,,build supporting article/page or strengthen target,56,missing,doorway / hub,,,Vintage Western Art,Vintage Western Art,"Vintage western art by Wayne Heim featuring vintage cowboy art, old-west atmosphere, and painterly frontier prints created for collectors rather than...",https://www.k4studios.com/vintage-western-art,CollectionPage; Thing; ImageGallery; ImageObject; Person; BreadcrumbList; ListItem; FAQPage
western fine art photography collection,0,3,i|c,1,Top 3,Western fine art photography,/Western-Fine-Art-Photography,yes,/Western-Fine-Art-Photography,yes,,defend existing winner,56,doorway / hub,doorway / hub,,,Western Fine Art Photography,Western Fine Art Photography,"Western fine art photography by Wayne Heim: authored, painterly fine art of the American West centered on cowboy portraits, frontier characters, and...",https://www.k4studios.com/Western-Fine-Art-Photography,CollectionPage; Thing; ImageGallery; ImageObject; Person; BreadcrumbList; ListItem; FAQPage
fine art train photography,10,7,i,4,4-10,Train / transportation,/Galleries/Fine-Art-Photography/Transportation/Trains,yes,/Galleries/Fine-Art-Photography/Transportation/Trains,yes,,strengthen existing page,55,gallery,gallery,railwayPainterly,fine art train photography,Train & Locomotive Fine Art Photography by Wayne Heim,Train & Locomotive Fine Art Photography by Wayne Heim – Traditional Prints,"Step into the world of railroads with Wayne Heim’s traditional train photography. This gallery features historic steam locomotives, vintage railcars, and modern...",https://www.k4studios.com/Galleries/Fine-Art-Photography/Transportation/Trains,CollectionPage; Thing; ImageGallery; ImageObject; Person
western themed art,90,3,c,-,Unranked,Other / low fit,,no,/Western-Fine-Art-Photography,no current landing,,strengthen/build commercial doorway target,54,missing,doorway / hub,westernThemedPhotography,western themed art,Western Fine Art Photography,Western Fine Art Photography,"Western fine art photography by Wayne Heim: authored, painterly fine art of the American West centered on cowboy portraits, frontier characters, and...",https://www.k4studios.com/Western-Fine-Art-Photography,CollectionPage; Thing; ImageGallery; ImageObject; Person; BreadcrumbList; ListItem; FAQPage
fine art faroe islands photography,10,3,i,10,4-10,Landscape / travel,/Galleries/Fine-Art-Photography/Landscapes/By-Location/International/The-Faroe-Islands,yes,,review,,strengthen existing page,54,gallery,missing,,,Faroe Islands Fine Art Landscape Photography by Wayne Heim,Faroe Islands Fine Art Landscape Photography by Wayne Heim – Remote Coastal Prints,Embark on a visual journey to the Faroe Islands through Wayne Heim’s fine art landscape photography. This gallery unveils the wild character of these remote...,https://www.k4studios.com/Galleries/Fine-Art-Photography/Landscapes/By-Location/International/The-Faroe-Islands,CollectionPage; Thing; Place; ImageGallery; ImageObject; Person
historically themed photography,10,46,i,12,11-20,History / reenactment / war,/Galleries/Painterly-Fine-Art-Photography/Facing-History,yes,/Blog/what-is-historically-themed-photography,review,possible,improve internal linking to intended target without disturbing winner,54,gallery,definition blog,historicallyThemedPhotography,historically themed photography,Facing History | Historically Themed Fine Art Photography | K4 Studios,Facing History — Historically Themed Fine Art Photography,"Historically themed fine art photography by Wayne Heim, interpreting the Western frontier, Civil War, WWII, and the Roaring 20s through researched detail, real...",https://www.k4studios.com/Galleries/Painterly-Fine-Art-Photography/Facing-History,CollectionPage; Thing; ImageGallery; ImageObject; Person
historical themed western photography,0,14,i,21,21-40,History / reenactment / war,/Western-Fine-Art-Photography,yes,/Galleries/Painterly-Fine-Art-Photography/Facing-History,review,possible,resolve landing mismatch / possible cannibalization,54,doorway / hub,gallery,facingHistory,historical themed western photography,Western Fine Art Photography,Western Fine Art Photography,"Western fine art photography by Wayne Heim: authored, painterly fine art of the American West centered on cowboy portraits, frontier characters, and...",https://www.k4studios.com/Western-Fine-Art-Photography,CollectionPage; Thing; ImageGallery; ImageObject; Person; BreadcrumbList; ListItem; FAQPage
western portrait art,0,27,c,22,21-40,Cowboy / Western portraits,/Galleries/Painterly-Fine-Art-Photography/Facing-History/Western-Cowboy-Portraits,yes,/Galleries/Painterly-Fine-Art-Photography/Facing-History/Western-Cowboy-Portraits,yes,,strengthen existing page,54,gallery,gallery,cowboy,western portrait art,Western Cowboy Portraits - Wayne Heim,Western Portraits — Painterly Fine Art Photography,"Western cowboy portraits by Wayne Heim: painterly fine art portraits of frontier characters, Old West figures, and historically grounded subjects of the...",https://www.k4studios.com/Galleries/Painterly-Fine-Art-Photography/Facing-History/Western-Cowboy-Portraits,CollectionPage; Thing; ImageGallery; ImageObject; Person; ItemList; ListItem
mountain photography,880,40,i,-,Unranked,Landscape / travel,,no,/Galleries/Painterly-Fine-Art-Photography/Landscapes,no current landing,,build supporting article/page or strengthen target,53,missing,gallery,landscape,mountain photography,Painterly Landscapes - Photography by Wayne Heim,Painterly Landscape Photography by Wayne Heim,"Painterly fine art landscapes - mountains, coastlines, and Western vistas captured with cinematic mood, depth, and atmosphere.",https://www.k4studios.com/Galleries/Painterly-Fine-Art-Photography/Landscapes,CollectionPage; Thing; ImageGallery; ImageObject; Person
cowboys wild west history,20,36,i,-,Unranked,Wild West / frontier,,no,/Galleries/Painterly-Fine-Art-Photography/Facing-History/Wild-West,no current landing,,build supporting article/page or strengthen target,53,missing,gallery,,,Wild West Photography - Wayne Heim,Wild West — Art of The American Frontier,"Wild West photography by Wayne Heim: painterly frontier images of legend, labor, endurance, and the human lives beneath the myth of the American West.",https://www.k4studios.com/Galleries/Painterly-Fine-Art-Photography/Facing-History/Wild-West,CollectionPage; Thing; ImageGallery; ImageObject; Person; ItemList; ListItem
photography of trains,10,31,i,13,11-20,Train / transportation,/Galleries/Fine-Art-Photography/Transportation/Trains,yes,/Galleries/Fine-Art-Photography/Transportation/Trains,yes,,strengthen existing page,53,gallery,gallery,,,Train & Locomotive Fine Art Photography by Wayne Heim,Train & Locomotive Fine Art Photography by Wayne Heim – Traditional Prints,"Step into the world of railroads with Wayne Heim’s traditional train photography. This gallery features historic steam locomotives, vintage railcars, and modern...",https://www.k4studios.com/Galleries/Fine-Art-Photography/Transportation/Trains,CollectionPage; Thing; ImageGallery; ImageObject; Person
fine art photography of the american west,0,8,c,2,Top 3,Western fine art photography,/Fine-Art-Photography-of-the-American-West,yes,/Western-Fine-Art-Photography,review,possible,defend existing winner,53,doorway / hub,doorway / hub,,,Fine Art Photography of the American West,Fine Art Photography of the American West,"Fine art photography of the American West by Wayne Heim: historically rooted, painterly photography spanning cowboy portraits, Indigenous presence, frontier...",https://www.k4studios.com/Fine-Art-Photography-of-the-American-West,CollectionPage; Thing; ImageGallery; ImageObject; Person; BreadcrumbList; ListItem; FAQPage
painterly sunset photography,10,18,i,1,Top 3,Painterly photography,/Galleries/Painterly-Fine-Art-Photography/Landscapes/By-Theme/Sunsets,yes,/Galleries/Painterly-Fine-Art-Photography/Landscapes/By-Location/West/Gallery,review,possible,defend existing winner,52,gallery,gallery,landscapeWestPainterly,painterly sunset photography,Painterly Sunset Photography by Wayne Heim - Painterly Fine Art,Painterly Sunset Photography by Wayne Heim – Painterly Fine Art,"Explore a curated collection of sunset photography that captures nature’s final light in rich, painterly detail. Wayne Heim’s fine art technique turns glowing...",https://www.k4studios.com/Galleries/Painterly-Fine-Art-Photography/Landscapes/By-Theme/Sunsets,CollectionPage; Thing; ImageGallery; ImageObject; Person
painterly train photography,10,7,i,1,Top 3,Train / transportation,/Galleries/Painterly-Fine-Art-Photography/Transportation/Trains-Black-White,yes,/Galleries/Fine-Art-Photography/Transportation/Trains,review,possible,defend existing winner,52,gallery,gallery,railwayPainterly,Painterly Train Photography,Black & White Train Photography by Wayne Heim,Black & White Train Photography by Wayne Heim – Painterly Fine Art Railroad Photos,"Step back in time with Wayne Heim’s painterly black and white train photography. This fine art gallery celebrates the power, nostalgia, and classic beauty of...",https://www.k4studios.com/Galleries/Painterly-Fine-Art-Photography/Transportation/Trains-Black-White,CollectionPage; Thing; ImageGallery; ImageObject; Person
western photographs,10,33,i,42,41-100,Western fine art photography,/Western-Fine-Art-Photography,yes,/Western-Fine-Art-Photography,yes,,improve internal linking,52,doorway / hub,doorway / hub,,,Western Fine Art Photography,Western Fine Art Photography,"Western fine art photography by Wayne Heim: authored, painterly fine art of the American West centered on cowboy portraits, frontier characters, and...",https://www.k4studios.com/Western-Fine-Art-Photography,CollectionPage; Thing; ImageGallery; ImageObject; Person; BreadcrumbList; ListItem; FAQPage
civil war themed fine art,0,25,c,12,11-20,History / reenactment / war,/Civil-War-Art,yes,/Civil-War-Art,yes,,strengthen existing page,52,doorway / hub,doorway / hub,,,Civil War Art | Civil War Photography & Narrative Fine Art,Civil War Art | Narrative Fine Art Photography,"Explore Civil War art through painterly fine art photography. Narrative Civil War images built as cinematic, story-driven moments beyond traditional historical...",https://www.k4studios.com/Civil-War-Art,Article; WebPage; Person; Organization; ImageObject; FAQPage; Question; Answer
painterly cowboy photography,0,11,i,1,Top 3,Cowboy / Western portraits,/Cowboy-Fine-Art-Photography,yes,/Galleries/Painterly-Fine-Art-Photography/Facing-History/Western-Cowboy-Portraits,review,possible,defend existing winner,52,doorway / hub,gallery,cowboy,painterly cowboy photography,Cowboy Fine Art Photography - Wayne Heim,Cowboy Fine Art Photography,Cowboy fine art photography by Wayne Heim. This collection features cowboy photography and black and white cowboy photography - authentic portraits of...,https://www.k4studios.com/Cowboy-Fine-Art-Photography,CollectionPage; Thing; ImageGallery; ImageObject; Person; BreadcrumbList; ListItem; FAQPage
art of the american west,50,26,i|c,19,11-20,Other / low fit,/Art-of-the-American-West,yes,/Art-of-the-American-West,yes,,strengthen existing page,51,doorway / hub,doorway / hub,artOfTheAmericanWestDefinition,art of the american west,Art of the American West,Art of the American West,"A definition-led guide to Art of the American West, from the artists and themes that shaped the canon to the contemporary work that carries the tradition...",https://www.k4studios.com/Art-of-the-American-West,Article; WebPage; Person; Organization; ImageObject; BreadcrumbList; ListItem
1800s cowboy art,20,30,c,-,Unranked,Broad commercial Western / cowboy art,,no,/Western-Wall-Art,no current landing,,strengthen/build commercial doorway target,51,missing,doorway / hub,,,Western Wall Art - Cowboy Fine Art Prints,Western Wall Art,"Museum-quality Western wall art and wild west cowboy photography by Wayne Heim. Vintage western art, cowboy portraits, and frontier landscapes - cinematic,...",https://www.k4studios.com/Western-Wall-Art,CollectionPage; Thing; ImageGallery; ImageObject; Person; BreadcrumbList; ListItem; FAQPage
art of the western frontier,0,18,i,10,4-10,Wild West / frontier,/Western-Frontier-Art,yes,/wild-west-art,review,possible,improve internal linking to intended target without disturbing winner,51,doorway / hub,doorway / hub,,,Western Frontier Art,Western Frontier Art,"Western frontier art by Wayne Heim: historically rooted painterly fine art of the American frontier, centered on frontier life, character, tension, and...",https://www.k4studios.com/Western-Frontier-Art,CollectionPage; Thing; ImageGallery; ImageObject; Person; BreadcrumbList; ListItem; FAQPage
wild west painterly photography,0,13,i,1,Top 3,Wild West / frontier,/Cowboy-Fine-Art-Photography,yes,/Galleries/Painterly-Fine-Art-Photography/Facing-History/Wild-West,review,possible,defend existing winner,51,doorway / hub,gallery,,,Cowboy Fine Art Photography - Wayne Heim,Cowboy Fine Art Photography,Cowboy fine art photography by Wayne Heim. This collection features cowboy photography and black and white cowboy photography - authentic portraits of...,https://www.k4studios.com/Cowboy-Fine-Art-Photography,CollectionPage; Thing; ImageGallery; ImageObject; Person; BreadcrumbList; ListItem; FAQPage
waterfall photography,260,18,i,-,Unranked,Other / low fit,,no,/Galleries/Painterly-Fine-Art-Photography/Landscapes/By-Theme/Water,no current landing,,build supporting article/page or strengthen target,50,missing,gallery,waterPainterly,waterfall photography,Waterfall and Water Photography by Wayne Heim,Waterfall and Water Photography by Wayne Heim – Painterly Fine Art Prints,"Discover fine art waterfall and water photography that transforms rushing rivers, misty cascades, and tranquil lakes into timeless painterly works. Wayne Heim’s...",https://www.k4studios.com/Galleries/Painterly-Fine-Art-Photography/Landscapes/By-Theme/Water,CollectionPage; Thing; ImageGallery; ImageObject; Person
fine art of the west,10,10,c,26,21-40,Other / low fit,/Blog/what-is-western-fine-art,yes,,review,,strengthen existing page,50,definition blog,missing,,,"What Is Western Fine Art? Definition, Meaning, and Why th | K4 Studios","What Is Western Fine Art? Definition, Meaning, and Why the Term Matters","Western fine art is the authored core of Western art across painting, photography, sculpture, and other media. Learn what the term means and what qualifies work...",https://www.k4studios.com/Blog/what-is-western-fine-art,Article; WebPage; Person; Organization; ImageObject; DefinedTerm; BreadcrumbList; ListItem
fine art reenactment photography,0,2,i,1,Top 3,History / reenactment / war,/Galleries/Fine-Art-Photography/Miscellaneous/Reenactments,yes,/Galleries/Fine-Art-Photography/Portraits/Reenactors,review,possible,defend existing winner,50,gallery,gallery,reenactorsTraditional,fine art reenactment photography,Traditional Reenactment Photography by Wayne Heim,Traditional Reenactment Photography by Wayne Heim – Fine Art of Living History,"Step back in time with Wayne Heim’s traditional reenactment photography. This gallery captures the spirit of living history events - Civil War battles,...",https://www.k4studios.com/Galleries/Fine-Art-Photography/Miscellaneous/Reenactments,CollectionPage; Thing; ImageGallery; ImageObject; Person
painterly fine art landscape photography,0,7,i,1,Top 3,Painterly photography,/Blog/what-is-painterly-photography,yes,/Galleries/Painterly-Fine-Art-Photography/Landscapes/By-Location/West/Gallery,review,possible,defend existing winner,50,definition blog,gallery,landscapeWestPainterly,painterly fine art landscape photography,"What Is Painterly Photography? Definition, Editing, Fine Art",What Is Painterly Photography?,Painterly photography is a term used in many ways - from editing presets to fine art practice. This article distinguishes surface effects from the discipline of...,https://www.k4studios.com/Blog/what-is-painterly-photography,Article; WebPage; Person; Organization; ImageObject; DefinedTerm; FAQPage; Question
steam locomotive photo,0,0,i,-,Unranked,Train / transportation,,no,/Galleries/Fine-Art-Photography/Transportation/Trains,no current landing,,build supporting article/page or strengthen target,50,missing,gallery,,,Train & Locomotive Fine Art Photography by Wayne Heim,Train & Locomotive Fine Art Photography by Wayne Heim – Traditional Prints,"Step into the world of railroads with Wayne Heim’s traditional train photography. This gallery features historic steam locomotives, vintage railcars, and modern...",https://www.k4studios.com/Galleries/Fine-Art-Photography/Transportation/Trains,CollectionPage; Thing; ImageGallery; ImageObject; Person
vintage cowboy art photography,0,16,c,41,41-100,Vintage Western / Old West,/vintage-western-art,yes,/vintage-western-art,yes,,improve internal linking,50,doorway / hub,doorway / hub,cowboy,vintage cowboy art photography,Vintage Western Art,Vintage Western Art,"Vintage western art by Wayne Heim featuring vintage cowboy art, old-west atmosphere, and painterly frontier prints created for collectors rather than...",https://www.k4studios.com/vintage-western-art,CollectionPage; Thing; ImageGallery; ImageObject; Person; BreadcrumbList; ListItem; FAQPage
wwii themed fine art photography,0,14,i,1,Top 3,Western fine art photography,/Galleries/Painterly-Fine-Art-Photography/Facing-History/WWII,yes,/Western-Fine-Art-Photography,review,possible,defend existing winner,50,gallery,doorway / hub,,,"WWII Photography | World War II Portraits, Battle Scenes, and Machines","WWII Fine Art Photography — Painterly Stories of War, Portraits, and Machines","WWII fine art photography featuring World War II battle scenes, portraits, and military machines by Wayne Heim",https://www.k4studios.com/Galleries/Painterly-Fine-Art-Photography/Facing-History/WWII,CollectionPage; Thing; ImageGallery; ImageObject; Person
painterly western photography,0,8,i,1,Top 3,Painterly photography,/Painterly-Western-Photography,yes,/Painterly-Western-Photography,yes,,defend existing winner,49,doorway / hub,doorway / hub,painterlyWesternHub,Painterly Western Photography,Painterly Western Photography - Wayne Heim,Painterly Western Photography,"Painterly Western photography by Wayne Heim. Explore the discipline, light, and narrative philosophy behind character-driven cowboy portraits and frontier...",https://www.k4studios.com/Painterly-Western-Photography,CollectionPage; Thing; ImageGallery; ImageObject; Person; BreadcrumbList; ListItem; FAQPage
western landscape paintings,390,11,c,-,Unranked,Landscape / travel,,no,,no current landing,,ignore / wrong intent,48,missing,missing,,,Wayne Heim Fine Art Photography,Painterly & Fine Art Photography by Wayne Heim,"Painterly and traditional fine art photography - western, historical, and landscape storytelling crafted with cinematic and emotional depth.",https://www.k4studios.com/,CollectionPage; Thing; ImageGallery; ImageObject; Person; Organization; ItemList; ListItem
painterly car photography,10,27,i|t,1,Top 3,Painterly photography,/Galleries/Painterly-Fine-Art-Photography/Transportation/Cars,yes,/Galleries/Painterly-Fine-Art-Photography,review,possible,defend existing winner,48,gallery,gallery,,,Color Car Photography by Wayne Heim,Color Car Photography by Wayne Heim – Painterly Fine Art Classic Car Photos,"Celebrate the beauty and nostalgia of automobiles with Wayne Heim’s painterly color car photography. This gallery features classic cars, vintage vehicles, and...",https://www.k4studios.com/Galleries/Painterly-Fine-Art-Photography/Transportation/Cars,CollectionPage; Thing; ImageGallery; ImageObject; Person
historical western photography,0,26,i,29,21-40,History / reenactment / war,/Western-Cowboy-Photography,yes,/Galleries/Painterly-Fine-Art-Photography/Facing-History,review,possible,resolve landing mismatch / possible cannibalization,48,doorway / hub,gallery,facingHistory,historical western photography,Western Cowboy Photography - Wayne Heim,Western Cowboy Photography,"Western cowboy photography and wild west cowboy portraits - authentic character studies from the American frontier, crafted with painterly depth and...",https://www.k4studios.com/Western-Cowboy-Photography,CollectionPage; Thing; ImageGallery; ImageObject; Person; BreadcrumbList; ListItem; FAQPage
narrative western art,0,9,i,1,Top 3,Broad commercial Western / cowboy art,/Narrative-Western-Art,yes,/Galleries/Painterly-Fine-Art-Photography/Facing-History/Western-Cowboy-Portraits,review,possible,defend existing winner,48,doorway / hub,gallery,cowboy,narrative Western art,Wayne Heim Fine Art Photography,Narrative Western Art,"Painterly and traditional fine art photography - western, historical, and landscape storytelling crafted with cinematic and emotional depth.",https://www.k4studios.com/Narrative-Western-Art,CollectionPage; Thing; ImageGallery; ImageObject; Person; BreadcrumbList; ListItem; FAQPage
western photos,1300,45,c,-,Unranked,Other / low fit,,no,/Western-Wall-Art,no current landing,,strengthen/build commercial doorway target,47,missing,doorway / hub,westernWallArtHub,western photos,Western Wall Art - Cowboy Fine Art Prints,Western Wall Art,"Museum-quality Western wall art and wild west cowboy photography by Wayne Heim. Vintage western art, cowboy portraits, and frontier landscapes - cinematic,...",https://www.k4studios.com/Western-Wall-Art,CollectionPage; Thing; ImageGallery; ImageObject; Person; BreadcrumbList; ListItem; FAQPage
western mountain photography,10,16,i,4,4-10,Landscape / travel,/Galleries/Fine-Art-Photography/Landscapes/By-Location/West/Gallery,yes,,review,,strengthen existing page,47,gallery,missing,,,Classic Western Landscape Photography,Classic Western Landscape Photography – Authentic Fine Art Photography by Wayne Heim,Wayne Heim’s traditional Western landscape photography captures the vast scale and spirit of the American frontier. From sunset over desert mesas to alpine...,https://www.k4studios.com/Galleries/Fine-Art-Photography/Landscapes/By-Location/West/Gallery,CollectionPage; Thing; Place; ImageGallery; ImageObject; Person
wwii inspired photography,10,24,i,1,Top 3,History / reenactment / war,/Galleries/Painterly-Fine-Art-Photography/Facing-History/WWII,yes,/Galleries/Painterly-Fine-Art-Photography/Facing-History/WWII,yes,,defend existing winner,47,gallery,gallery,,,"WWII Photography | World War II Portraits, Battle Scenes, and Machines","WWII Fine Art Photography — Painterly Stories of War, Portraits, and Machines","WWII fine art photography featuring World War II battle scenes, portraits, and military machines by Wayne Heim",https://www.k4studios.com/Galleries/Painterly-Fine-Art-Photography/Facing-History/WWII,CollectionPage; Thing; ImageGallery; ImageObject; Person
western themed photography,30,11,i,7,4-10,Other / low fit,/Galleries/Painterly-Fine-Art-Photography/Facing-History/Western-Cowboy-Portraits,yes,/Western-Fine-Art-Photography,review,possible,improve internal linking to intended target without disturbing winner,46,gallery,doorway / hub,westernThemedPhotography,western themed photography,Western Cowboy Portraits - Wayne Heim,Western Portraits — Painterly Fine Art Photography,"Western cowboy portraits by Wayne Heim: painterly fine art portraits of frontier characters, Old West figures, and historically grounded subjects of the...",https://www.k4studios.com/Galleries/Painterly-Fine-Art-Photography/Facing-History/Western-Cowboy-Portraits,CollectionPage; Thing; ImageGallery; ImageObject; Person; ItemList; ListItem
fine art plane photography,10,19,c,33,21-40,Other / low fit,/Galleries/Fine-Art-Photography/Transportation/Planes,yes,,review,,strengthen existing page,46,gallery,missing,,,Aviation & Airplane Fine Art Photography by Wayne Heim,Aviation & Airplane Fine Art Photography by Wayne Heim – Traditional Prints,"Experience the majesty of flight through Wayne Heim’s traditional aviation photography. This gallery features historic warbirds, vintage prop planes, and modern...",https://www.k4studios.com/Galleries/Fine-Art-Photography/Transportation/Planes,CollectionPage; Thing; ImageGallery; ImageObject; Person
history inspired artwork,0,16,c,-,Unranked,History / reenactment / war,,no,/Historical-Reenactment-Photography,no current landing,,strengthen/build commercial doorway target,46,missing,doorway / hub,,,Historical Reenactment Photography & Reenactor Portraits - Wayne Heim,Historical Reenactment Photography & Reenactor Portraits,"Historical reenactment photography, reenactor portraits, and living history photography covering Civil War, WWII, and frontier events through painterly,...",https://www.k4studios.com/Historical-Reenactment-Photography,CollectionPage; Thing; ImageGallery; ImageObject; Person; FAQPage; Question; Answer
cowboy paintings,1000,10,i|c,-,Unranked,Other / low fit,,no,,no current landing,,ignore / wrong intent,45,missing,missing,,,Wayne Heim Fine Art Photography,Painterly & Fine Art Photography by Wayne Heim,"Painterly and traditional fine art photography - western, historical, and landscape storytelling crafted with cinematic and emotional depth.",https://www.k4studios.com/,CollectionPage; Thing; ImageGallery; ImageObject; Person; Organization; ItemList; ListItem
western landscape artists,170,11,i,-,Unranked,Landscape / travel,,no,,no current landing,,ignore / wrong intent,45,missing,missing,,,Wayne Heim Fine Art Photography,Painterly & Fine Art Photography by Wayne Heim,"Painterly and traditional fine art photography - western, historical, and landscape storytelling crafted with cinematic and emotional depth.",https://www.k4studios.com/,CollectionPage; Thing; ImageGallery; ImageObject; Person; Organization; ItemList; ListItem
western landscape drawings,70,6,i,-,Unranked,Landscape / travel,,no,,no current landing,,ignore / wrong intent,45,missing,missing,,,Wayne Heim Fine Art Photography,Painterly & Fine Art Photography by Wayne Heim,"Painterly and traditional fine art photography - western, historical, and landscape storytelling crafted with cinematic and emotional depth.",https://www.k4studios.com/,CollectionPage; Thing; ImageGallery; ImageObject; Person; Organization; ItemList; ListItem
western themed portrait photography,30,7,i,1,Top 3,Other / low fit,/Galleries/Painterly-Fine-Art-Photography/Facing-History/Western-Cowboy-Portraits,yes,/Galleries/Painterly-Fine-Art-Photography/Facing-History/Western-Cowboy-Portraits,yes,,defend existing winner,45,gallery,gallery,cowboy,western themed portrait photography,Western Cowboy Portraits - Wayne Heim,Western Portraits — Painterly Fine Art Photography,"Western cowboy portraits by Wayne Heim: painterly fine art portraits of frontier characters, Old West figures, and historically grounded subjects of the...",https://www.k4studios.com/Galleries/Painterly-Fine-Art-Photography/Facing-History/Western-Cowboy-Portraits,CollectionPage; Thing; ImageGallery; ImageObject; Person; ItemList; ListItem
cowboy fine art prints,10,6,c,-,Unranked,Other / low fit,,no,/Galleries/Painterly-Fine-Art-Photography/Facing-History/Western-Cowboy-Portraits,no current landing,,strengthen/build commercial doorway target,45,missing,gallery,cowboy,cowboy fine art prints,Western Cowboy Portraits - Wayne Heim,Western Portraits — Painterly Fine Art Photography,"Western cowboy portraits by Wayne Heim: painterly fine art portraits of frontier characters, Old West figures, and historically grounded subjects of the...",https://www.k4studios.com/Galleries/Painterly-Fine-Art-Photography/Facing-History/Western-Cowboy-Portraits,CollectionPage; Thing; ImageGallery; ImageObject; Person; ItemList; ListItem
fine art steam train photography,0,4,c,2,Top 3,Train / transportation,/Galleries/Painterly-Fine-Art-Photography/Transportation,yes,/Galleries/Fine-Art-Photography/Transportation/Trains,review,possible,defend existing winner,45,gallery,gallery,,,Transportation Fine Art Photography,Transportation Photography — Fine Art by Wayne Heim,"Painterly transportation photography - vintage trains, classic cars, warbirds, and boats captured as fine art prints.",https://www.k4studios.com/Galleries/Painterly-Fine-Art-Photography/Transportation,CollectionPage; Thing; ImageGallery; ImageObject; Person
painterly mountain photography,0,16,i,1,Top 3,Painterly photography,/Galleries/Painterly-Fine-Art-Photography/Landscapes,yes,/Galleries/Painterly-Fine-Art-Photography/Landscapes/By-Theme/Mountains,review,possible,defend existing winner,45,gallery,gallery,mountainsPainterly,Painterly Mountain Photography,Painterly Landscapes - Photography by Wayne Heim,Painterly Landscape Photography by Wayne Heim,"Painterly fine art landscapes - mountains, coastlines, and Western vistas captured with cinematic mood, depth, and atmosphere.",https://www.k4studios.com/Galleries/Painterly-Fine-Art-Photography/Landscapes,CollectionPage; Thing; ImageGallery; ImageObject; Person
western home interior design art,0,11,c,13,11-20,Other / low fit,/Rustic-Western-Interior-Design-Art,yes,,review,,strengthen existing page,45,doorway / hub,missing,,,Wayne Heim Fine Art Photography,"Rustic Western Interior Design Art for Warm, Textural Spaces","Painterly and traditional fine art photography - western, historical, and landscape storytelling crafted with cinematic and emotional depth.",https://www.k4studios.com/Rustic-Western-Interior-Design-Art,CollectionPage; Thing; ImageGallery; ImageObject; Person; BreadcrumbList; ListItem; FAQPage
civil war inspired photography,0,20,i,-,Unranked,History / reenactment / war,,no,/Civil-War-Art,no current landing,,build supporting article/page or strengthen target,44,missing,doorway / hub,,,Civil War Art | Civil War Photography & Narrative Fine Art,Civil War Art | Narrative Fine Art Photography,"Explore Civil War art through painterly fine art photography. Narrative Civil War images built as cinematic, story-driven moments beyond traditional historical...",https://www.k4studios.com/Civil-War-Art,Article; WebPage; Person; Organization; ImageObject; FAQPage; Question; Answer
western themed wall art,20,16,c,-,Unranked,Other / low fit,,no,/Western-Fine-Art-Photography,no current landing,,strengthen/build commercial doorway target,43,missing,doorway / hub,westernThemedPhotography,western themed wall art,Western Fine Art Photography,Western Fine Art Photography,"Western fine art photography by Wayne Heim: authored, painterly fine art of the American West centered on cowboy portraits, frontier characters, and...",https://www.k4studios.com/Western-Fine-Art-Photography,CollectionPage; Thing; ImageGallery; ImageObject; Person; BreadcrumbList; ListItem; FAQPage
wwii themed photography,10,32,i,1,Top 3,History / reenactment / war,/Galleries/Painterly-Fine-Art-Photography/Facing-History/WWII,yes,/Galleries/Painterly-Fine-Art-Photography/Facing-History/WWII,yes,,defend existing winner,43,gallery,gallery,,,"WWII Photography | World War II Portraits, Battle Scenes, and Machines","WWII Fine Art Photography — Painterly Stories of War, Portraits, and Machines","WWII fine art photography featuring World War II battle scenes, portraits, and military machines by Wayne Heim",https://www.k4studios.com/Galleries/Painterly-Fine-Art-Photography/Facing-History/WWII,CollectionPage; Thing; ImageGallery; ImageObject; Person
civil war themed art,0,23,c,-,Unranked,History / reenactment / war,,no,/Civil-War-Art,no current landing,,strengthen/build commercial doorway target,43,missing,doorway / hub,,,Civil War Art | Civil War Photography & Narrative Fine Art,Civil War Art | Narrative Fine Art Photography,"Explore Civil War art through painterly fine art photography. Narrative Civil War images built as cinematic, story-driven moments beyond traditional historical...",https://www.k4studios.com/Civil-War-Art,Article; WebPage; Person; Organization; ImageObject; FAQPage; Question; Answer
steam locomotive photography,0,35,i,17,11-20,Train / transportation,/Galleries/Fine-Art-Photography/Transportation/Trains,yes,/Galleries/Fine-Art-Photography/Transportation/Trains,yes,,strengthen existing page,43,gallery,gallery,railwayTraditional,steam locomotive photography,Train & Locomotive Fine Art Photography by Wayne Heim,Train & Locomotive Fine Art Photography by Wayne Heim – Traditional Prints,"Step into the world of railroads with Wayne Heim’s traditional train photography. This gallery features historic steam locomotives, vintage railcars, and modern...",https://www.k4studios.com/Galleries/Fine-Art-Photography/Transportation/Trains,CollectionPage; Thing; ImageGallery; ImageObject; Person
western photography fine art prints,0,8,c,23,21-40,Other / low fit,/Western-Fine-Art-Photography,yes,,review,,strengthen existing page,43,doorway / hub,missing,,,Western Fine Art Photography,Western Fine Art Photography,"Western fine art photography by Wayne Heim: authored, painterly fine art of the American West centered on cowboy portraits, frontier characters, and...",https://www.k4studios.com/Western-Fine-Art-Photography,CollectionPage; Thing; ImageGallery; ImageObject; Person; BreadcrumbList; ListItem; FAQPage
western style design decor,0,25,c,-,Unranked,Broad commercial Western / cowboy art,,no,/Western-Wall-Art,no current landing,,strengthen/build commercial doorway target,43,missing,doorway / hub,,,Western Wall Art - Cowboy Fine Art Prints,Western Wall Art,"Museum-quality Western wall art and wild west cowboy photography by Wayne Heim. Vintage western art, cowboy portraits, and frontier landscapes - cinematic,...",https://www.k4studios.com/Western-Wall-Art,CollectionPage; Thing; ImageGallery; ImageObject; Person; BreadcrumbList; ListItem; FAQPage
western photoshoot,1600,18,c,-,Unranked,Other / low fit,,no,,no current landing,,ignore / wrong intent,42,missing,missing,,,Wayne Heim Fine Art Photography,Painterly & Fine Art Photography by Wayne Heim,"Painterly and traditional fine art photography - western, historical, and landscape storytelling crafted with cinematic and emotional depth.",https://www.k4studios.com/,CollectionPage; Thing; ImageGallery; ImageObject; Person; Organization; ItemList; ListItem
fine art landscape photography,390,24,i,-,Unranked,Landscape / travel,,no,,no current landing,,ignore / wrong intent,42,missing,missing,,,Wayne Heim Fine Art Photography,Painterly & Fine Art Photography by Wayne Heim,"Painterly and traditional fine art photography - western, historical, and landscape storytelling crafted with cinematic and emotional depth.",https://www.k4studios.com/,CollectionPage; Thing; ImageGallery; ImageObject; Person; Organization; ItemList; ListItem
frederic remington prints,260,7,c,-,Unranked,Other / low fit,,no,,no current landing,,ignore / wrong intent,42,missing,missing,,,Wayne Heim Fine Art Photography,Painterly & Fine Art Photography by Wayne Heim,"Painterly and traditional fine art photography - western, historical, and landscape storytelling crafted with cinematic and emotional depth.",https://www.k4studios.com/,CollectionPage; Thing; ImageGallery; ImageObject; Person; Organization; ItemList; ListItem
artistic western photography,0,16,i,12,11-20,Other / low fit,/Galleries/Painterly-Fine-Art-Photography/Facing-History/Western-Cowboy-Portraits,yes,,review,,strengthen existing page,42,gallery,missing,,,Western Cowboy Portraits - Wayne Heim,Western Portraits — Painterly Fine Art Photography,"Western cowboy portraits by Wayne Heim: painterly fine art portraits of frontier characters, Old West figures, and historically grounded subjects of the...",https://www.k4studios.com/Galleries/Painterly-Fine-Art-Photography/Facing-History/Western-Cowboy-Portraits,CollectionPage; Thing; ImageGallery; ImageObject; Person; ItemList; ListItem
western photo shoot,170,5,i,-,Unranked,Other / low fit,,no,,no current landing,,ignore / wrong intent,41,missing,missing,,,Wayne Heim Fine Art Photography,Painterly & Fine Art Photography by Wayne Heim,"Painterly and traditional fine art photography - western, historical, and landscape storytelling crafted with cinematic and emotional depth.",https://www.k4studios.com/,CollectionPage; Thing; ImageGallery; ImageObject; Person; Organization; ItemList; ListItem
fine art waterfall photography,10,14,i|c,-,Unranked,Other / low fit,,no,/Galleries/Painterly-Fine-Art-Photography/Landscapes/By-Theme/Water,no current landing,,strengthen/build commercial doorway target,41,missing,gallery,waterPainterly,fine art waterfall photography,Waterfall and Water Photography by Wayne Heim,Waterfall and Water Photography by Wayne Heim – Painterly Fine Art Prints,"Discover fine art waterfall and water photography that transforms rushing rivers, misty cascades, and tranquil lakes into timeless painterly works. Wayne Heim’s...",https://www.k4studios.com/Galleries/Painterly-Fine-Art-Photography/Landscapes/By-Theme/Water,CollectionPage; Thing; ImageGallery; ImageObject; Person
historical themed photography,10,39,i,3,Top 3,History / reenactment / war,/Galleries/Painterly-Fine-Art-Photography/Facing-History,yes,/Blog/what-is-historically-themed-photography,review,possible,defend existing winner,41,gallery,definition blog,historicallyThemedPhotography,historical themed photography,Facing History | Historically Themed Fine Art Photography | K4 Studios,Facing History — Historically Themed Fine Art Photography,"Historically themed fine art photography by Wayne Heim, interpreting the Western frontier, Civil War, WWII, and the Roaring 20s through researched detail, real...",https://www.k4studios.com/Galleries/Painterly-Fine-Art-Photography/Facing-History,CollectionPage; Thing; ImageGallery; ImageObject; Person
history inspired photography,10,38,i,1,Top 3,History / reenactment / war,/Galleries/Painterly-Fine-Art-Photography/Facing-History,yes,/Blog/what-is-historically-themed-photography,review,possible,defend existing winner,41,gallery,definition blog,historicallyThemedPhotography,history inspired photography,Facing History | Historically Themed Fine Art Photography | K4 Studios,Facing History — Historically Themed Fine Art Photography,"Historically themed fine art photography by Wayne Heim, interpreting the Western frontier, Civil War, WWII, and the Roaring 20s through researched detail, real...",https://www.k4studios.com/Galleries/Painterly-Fine-Art-Photography/Facing-History,CollectionPage; Thing; ImageGallery; ImageObject; Person
rustic mountain photos,10,0,i,-,Unranked,Landscape / travel,,no,,no current landing,,ignore / wrong intent,41,missing,missing,,,Wayne Heim Fine Art Photography,Painterly & Fine Art Photography by Wayne Heim,"Painterly and traditional fine art photography - western, historical, and landscape storytelling crafted with cinematic and emotional depth.",https://www.k4studios.com/,CollectionPage; Thing; ImageGallery; ImageObject; Person; Organization; ItemList; ListItem
western inspired photography,0,13,i,23,21-40,Other / low fit,/Galleries/Painterly-Fine-Art-Photography/Facing-History/Western-Cowboy-Portraits,yes,,review,,strengthen existing page,41,gallery,missing,,,Western Cowboy Portraits - Wayne Heim,Western Portraits — Painterly Fine Art Photography,"Western cowboy portraits by Wayne Heim: painterly fine art portraits of frontier characters, Old West figures, and historically grounded subjects of the...",https://www.k4studios.com/Galleries/Painterly-Fine-Art-Photography/Facing-History/Western-Cowboy-Portraits,CollectionPage; Thing; ImageGallery; ImageObject; Person; ItemList; ListItem
fine art portrait photography,260,11,i,-,Unranked,Other / low fit,,no,,no current landing,,ignore / wrong intent,40,missing,missing,,,Wayne Heim Fine Art Photography,Painterly & Fine Art Photography by Wayne Heim,"Painterly and traditional fine art photography - western, historical, and landscape storytelling crafted with cinematic and emotional depth.",https://www.k4studios.com/,CollectionPage; Thing; ImageGallery; ImageObject; Person; Organization; ItemList; ListItem
roaring 20s themed photography,0,28,i,-,Unranked,History / reenactment / war,,no,/Historical-Reenactment-Photography,no current landing,,build supporting article/page or strengthen target,40,missing,doorway / hub,,,Historical Reenactment Photography & Reenactor Portraits - Wayne Heim,Historical Reenactment Photography & Reenactor Portraits,"Historical reenactment photography, reenactor portraits, and living history photography covering Civil War, WWII, and frontier events through painterly,...",https://www.k4studios.com/Historical-Reenactment-Photography,CollectionPage; Thing; ImageGallery; ImageObject; Person; FAQPage; Question; Answer
western theme art,70,4,c,-,Unranked,Other / low fit,,no,,no current landing,,ignore / wrong intent,39,missing,missing,,,Wayne Heim Fine Art Photography,Painterly & Fine Art Photography by Wayne Heim,"Painterly and traditional fine art photography - western, historical, and landscape storytelling crafted with cinematic and emotional depth.",https://www.k4studios.com/,CollectionPage; Thing; ImageGallery; ImageObject; Person; Organization; ItemList; ListItem
artwork western,40,0,c,-,Unranked,Other / low fit,,no,,no current landing,,ignore / wrong intent,39,missing,missing,,,Wayne Heim Fine Art Photography,Painterly & Fine Art Photography by Wayne Heim,"Painterly and traditional fine art photography - western, historical, and landscape storytelling crafted with cinematic and emotional depth.",https://www.k4studios.com/,CollectionPage; Thing; ImageGallery; ImageObject; Person; Organization; ItemList; ListItem
fine art car photograph,0,17,c,28,21-40,Other / low fit,/Galleries/Painterly-Fine-Art-Photography/Transportation/Cars,yes,,review,,strengthen existing page,39,gallery,missing,,,Color Car Photography by Wayne Heim,Color Car Photography by Wayne Heim – Painterly Fine Art Classic Car Photos,"Celebrate the beauty and nostalgia of automobiles with Wayne Heim’s painterly color car photography. This gallery features classic cars, vintage vehicles, and...",https://www.k4studios.com/Galleries/Painterly-Fine-Art-Photography/Transportation/Cars,CollectionPage; Thing; ImageGallery; ImageObject; Person
art of the west,170,11,i|n,-,Unranked,Other / low fit,,no,,no current landing,,ignore / wrong intent,38,missing,missing,,,Wayne Heim Fine Art Photography,Painterly & Fine Art Photography by Wayne Heim,"Painterly and traditional fine art photography - western, historical, and landscape storytelling crafted with cinematic and emotional depth.",https://www.k4studios.com/,CollectionPage; Thing; ImageGallery; ImageObject; Person; Organization; ItemList; ListItem
remington prints,140,10,c,-,Unranked,Other / low fit,,no,,no current landing,,ignore / wrong intent,38,missing,missing,,,Wayne Heim Fine Art Photography,Painterly & Fine Art Photography by Wayne Heim,"Painterly and traditional fine art photography - western, historical, and landscape storytelling crafted with cinematic and emotional depth.",https://www.k4studios.com/,CollectionPage; Thing; ImageGallery; ImageObject; Person; Organization; ItemList; ListItem
western cowboy paintings art,140,10,c,-,Unranked,Other / low fit,,no,,no current landing,,ignore / wrong intent,38,missing,missing,,,Wayne Heim Fine Art Photography,Painterly & Fine Art Photography by Wayne Heim,"Painterly and traditional fine art photography - western, historical, and landscape storytelling crafted with cinematic and emotional depth.",https://www.k4studios.com/,CollectionPage; Thing; ImageGallery; ImageObject; Person; Organization; ItemList; ListItem
fine art black and white photography,320,18,c,-,Unranked,Other / low fit,,no,,no current landing,,ignore / wrong intent,37,missing,missing,,,Wayne Heim Fine Art Photography,Painterly & Fine Art Photography by Wayne Heim,"Painterly and traditional fine art photography - western, historical, and landscape storytelling crafted with cinematic and emotional depth.",https://www.k4studios.com/,CollectionPage; Thing; ImageGallery; ImageObject; Person; Organization; ItemList; ListItem
old cowboy photographs,140,13,i,-,Unranked,Other / low fit,,no,,no current landing,,ignore / wrong intent,37,missing,missing,,,Wayne Heim Fine Art Photography,Painterly & Fine Art Photography by Wayne Heim,"Painterly and traditional fine art photography - western, historical, and landscape storytelling crafted with cinematic and emotional depth.",https://www.k4studios.com/,CollectionPage; Thing; ImageGallery; ImageObject; Person; Organization; ItemList; ListItem
western theme photoshoot,70,7,i,-,Unranked,Other / low fit,,no,,no current landing,,ignore / wrong intent,37,missing,missing,,,Wayne Heim Fine Art Photography,Painterly & Fine Art Photography by Wayne Heim,"Painterly and traditional fine art photography - western, historical, and landscape storytelling crafted with cinematic and emotional depth.",https://www.k4studios.com/,CollectionPage; Thing; ImageGallery; ImageObject; Person; Organization; ItemList; ListItem
fine art black and white photos,140,14,c,-,Unranked,Other / low fit,,no,,no current landing,,ignore / wrong intent,36,missing,missing,,,Wayne Heim Fine Art Photography,Painterly & Fine Art Photography by Wayne Heim,"Painterly and traditional fine art photography - western, historical, and landscape storytelling crafted with cinematic and emotional depth.",https://www.k4studios.com/,CollectionPage; Thing; ImageGallery; ImageObject; Person; Organization; ItemList; ListItem
fine art international photography,10,0,i,-,Unranked,Other / low fit,,no,,no current landing,,ignore / wrong intent,34,missing,missing,,,Wayne Heim Fine Art Photography,Painterly & Fine Art Photography by Wayne Heim,"Painterly and traditional fine art photography - western, historical, and landscape storytelling crafted with cinematic and emotional depth.",https://www.k4studios.com/,CollectionPage; Thing; ImageGallery; ImageObject; Person; Organization; ItemList; ListItem
authentic cowboy life,0,26,i,30,21-40,Other / low fit,/authentic-cowboy-life,yes,,review,,strengthen existing page,34,doorway / hub,missing,,,"Authentic Cowboy Life in Western Art: Before the Myth, the Work","Authentic Cowboy Life in Western Art: Before the Myth, the Work","Explore authentic cowboy life through Western art, narrative Western photography, and frontier labor - bridging ranch reality and the truth behind the cowboy...",https://www.k4studios.com/authentic-cowboy-life,Article; WebPage; Person; Organization; ImageObject; BreadcrumbList; ListItem
western home interior design ideas,140,21,i,-,Unranked,Other / low fit,,no,,no current landing,,ignore / wrong intent,33,missing,missing,,,Wayne Heim Fine Art Photography,Painterly & Fine Art Photography by Wayne Heim,"Painterly and traditional fine art photography - western, historical, and landscape storytelling crafted with cinematic and emotional depth.",https://www.k4studios.com/,CollectionPage; Thing; ImageGallery; ImageObject; Person; Organization; ItemList; ListItem
fine art mountain photography,20,22,c,-,Unranked,Landscape / travel,,no,,no current landing,,ignore / wrong intent,33,missing,missing,,,Wayne Heim Fine Art Photography,Painterly & Fine Art Photography by Wayne Heim,"Painterly and traditional fine art photography - western, historical, and landscape storytelling crafted with cinematic and emotional depth.",https://www.k4studios.com/,CollectionPage; Thing; ImageGallery; ImageObject; Person; Organization; ItemList; ListItem
iconic western photography,0,28,i,29,21-40,Other / low fit,/Galleries/Painterly-Fine-Art-Photography/Facing-History/Western-Cowboy-Portraits/Color/all,yes,,review,,strengthen existing page,33,gallery,missing,,,Western Cowboy Portraits - Color Collection (147 Images),Western Cowboy Portraits – Color Collection (147 Images),"Browse the full collection of 147 painterly Western cowboy portraits in color by Wayne Heim. Cinematic frontier photography featuring authentic cowboys, ranch...",https://www.k4studios.com/Galleries/Painterly-Fine-Art-Photography/Facing-History/Western-Cowboy-Portraits/Color/all,WebSite; Organization; ImageObject; Person; CollectionPage; BreadcrumbList; ListItem
fine art sunset photography,10,19,c,-,Unranked,Landscape / travel,,no,,no current landing,,ignore / wrong intent,32,missing,missing,,,Wayne Heim Fine Art Photography,Painterly & Fine Art Photography by Wayne Heim,"Painterly and traditional fine art photography - western, historical, and landscape storytelling crafted with cinematic and emotional depth.",https://www.k4studios.com/,CollectionPage; Thing; ImageGallery; ImageObject; Person; Organization; ItemList; ListItem
cowboy photos,720,42,i,-,Unranked,Other / low fit,,no,,no current landing,,ignore / wrong intent,31,missing,missing,,,Wayne Heim Fine Art Photography,Painterly & Fine Art Photography by Wayne Heim,"Painterly and traditional fine art photography - western, historical, and landscape storytelling crafted with cinematic and emotional depth.",https://www.k4studios.com/,CollectionPage; Thing; ImageGallery; ImageObject; Person; Organization; ItemList; ListItem
cowboy photoshoot,170,25,i,-,Unranked,Other / low fit,,no,,no current landing,,ignore / wrong intent,31,missing,missing,,,Wayne Heim Fine Art Photography,Painterly & Fine Art Photography by Wayne Heim,"Painterly and traditional fine art photography - western, historical, and landscape storytelling crafted with cinematic and emotional depth.",https://www.k4studios.com/,CollectionPage; Thing; ImageGallery; ImageObject; Person; Organization; ItemList; ListItem
cowboy themed artwork,10,6,i|c,-,Unranked,Other / low fit,,no,,no current landing,,ignore / wrong intent,31,missing,missing,,,Wayne Heim Fine Art Photography,Painterly & Fine Art Photography by Wayne Heim,"Painterly and traditional fine art photography - western, historical, and landscape storytelling crafted with cinematic and emotional depth.",https://www.k4studios.com/,CollectionPage; Thing; ImageGallery; ImageObject; Person; Organization; ItemList; ListItem
waterfall photos,390,40,i,-,Unranked,Other / low fit,,no,,no current landing,,ignore / wrong intent,29,missing,missing,,,Wayne Heim Fine Art Photography,Painterly & Fine Art Photography by Wayne Heim,"Painterly and traditional fine art photography - western, historical, and landscape storytelling crafted with cinematic and emotional depth.",https://www.k4studios.com/,CollectionPage; Thing; ImageGallery; ImageObject; Person; Organization; ItemList; ListItem
cool cowboy pictures,70,23,i,-,Unranked,Other / low fit,,no,,no current landing,,ignore / wrong intent,29,missing,missing,,,Wayne Heim Fine Art Photography,Painterly & Fine Art Photography by Wayne Heim,"Painterly and traditional fine art photography - western, historical, and landscape storytelling crafted with cinematic and emotional depth.",https://www.k4studios.com/,CollectionPage; Thing; ImageGallery; ImageObject; Person; Organization; ItemList; ListItem
wyoming photography,50,22,c,-,Unranked,Other / low fit,,no,,no current landing,,ignore / wrong intent,29,missing,missing,,,Wayne Heim Fine Art Photography,Painterly & Fine Art Photography by Wayne Heim,"Painterly and traditional fine art photography - western, historical, and landscape storytelling crafted with cinematic and emotional depth.",https://www.k4studios.com/,CollectionPage; Thing; ImageGallery; ImageObject; Person; Organization; ItemList; ListItem
western house interior design,40,20,i,-,Unranked,Other / low fit,,no,,no current landing,,ignore / wrong intent,29,missing,missing,,,Wayne Heim Fine Art Photography,Painterly & Fine Art Photography by Wayne Heim,"Painterly and traditional fine art photography - western, historical, and landscape storytelling crafted with cinematic and emotional depth.",https://www.k4studios.com/,CollectionPage; Thing; ImageGallery; ImageObject; Person; Organization; ItemList; ListItem
western home interior design,20,15,i,-,Unranked,Other / low fit,,no,,no current landing,,ignore / wrong intent,29,missing,missing,,,Wayne Heim Fine Art Photography,Painterly & Fine Art Photography by Wayne Heim,"Painterly and traditional fine art photography - western, historical, and landscape storytelling crafted with cinematic and emotional depth.",https://www.k4studios.com/,CollectionPage; Thing; ImageGallery; ImageObject; Person; Organization; ItemList; ListItem
fine art sunrise photography,10,11,c,-,Unranked,Other / low fit,,no,,no current landing,,ignore / wrong intent,29,missing,missing,,,Wayne Heim Fine Art Photography,Painterly & Fine Art Photography by Wayne Heim,"Painterly and traditional fine art photography - western, historical, and landscape storytelling crafted with cinematic and emotional depth.",https://www.k4studios.com/,CollectionPage; Thing; ImageGallery; ImageObject; Person; Organization; ItemList; ListItem
cowboy pic,320,42,i,-,Unranked,Other / low fit,,no,,no current landing,,ignore / wrong intent,28,missing,missing,,,Wayne Heim Fine Art Photography,Painterly & Fine Art Photography by Wayne Heim,"Painterly and traditional fine art photography - western, historical, and landscape storytelling crafted with cinematic and emotional depth.",https://www.k4studios.com/,CollectionPage; Thing; ImageGallery; ImageObject; Person; Organization; ItemList; ListItem
western cowboys images,170,32,i,-,Unranked,Other / low fit,,no,,no current landing,,ignore / wrong intent,28,missing,missing,,,Wayne Heim Fine Art Photography,Painterly & Fine Art Photography by Wayne Heim,"Painterly and traditional fine art photography - western, historical, and landscape storytelling crafted with cinematic and emotional depth.",https://www.k4studios.com/,CollectionPage; Thing; ImageGallery; ImageObject; Person; Organization; ItemList; ListItem
legends of the west fine art,50,24,n,-,Unranked,Other / low fit,,no,,no current landing,,ignore / wrong intent,28,missing,missing,,,Wayne Heim Fine Art Photography,Painterly & Fine Art Photography by Wayne Heim,"Painterly and traditional fine art photography - western, historical, and landscape storytelling crafted with cinematic and emotional depth.",https://www.k4studios.com/,CollectionPage; Thing; ImageGallery; ImageObject; Person; Organization; ItemList; ListItem
western style interior design,50,24,i,-,Unranked,Other / low fit,,no,,no current landing,,ignore / wrong intent,28,missing,missing,,,Wayne Heim Fine Art Photography,Painterly & Fine Art Photography by Wayne Heim,"Painterly and traditional fine art photography - western, historical, and landscape storytelling crafted with cinematic and emotional depth.",https://www.k4studios.com/,CollectionPage; Thing; ImageGallery; ImageObject; Person; Organization; ItemList; ListItem
cowboy photo,260,39,i,-,Unranked,Other / low fit,,no,,no current landing,,ignore / wrong intent,27,missing,missing,,,Wayne Heim Fine Art Photography,Painterly & Fine Art Photography by Wayne Heim,"Painterly and traditional fine art photography - western, historical, and landscape storytelling crafted with cinematic and emotional depth.",https://www.k4studios.com/,CollectionPage; Thing; ImageGallery; ImageObject; Person; Organization; ItemList; ListItem
western cowboy pictures,210,35,i,-,Unranked,Other / low fit,,no,,no current landing,,ignore / wrong intent,27,missing,missing,,,Wayne Heim Fine Art Photography,Painterly & Fine Art Photography by Wayne Heim,"Painterly and traditional fine art photography - western, historical, and landscape storytelling crafted with cinematic and emotional depth.",https://www.k4studios.com/,CollectionPage; Thing; ImageGallery; ImageObject; Person; Organization; ItemList; ListItem
cowboy themed photography,10,15,c,-,Unranked,Other / low fit,,no,,no current landing,,ignore / wrong intent,27,missing,missing,,,Wayne Heim Fine Art Photography,Painterly & Fine Art Photography by Wayne Heim,"Painterly and traditional fine art photography - western, historical, and landscape storytelling crafted with cinematic and emotional depth.",https://www.k4studios.com/,CollectionPage; Thing; ImageGallery; ImageObject; Person; Organization; ItemList; ListItem
d'day ohio photos,10,14,i,-,Unranked,Other / low fit,,no,,no current landing,,ignore / wrong intent,27,missing,missing,,,Wayne Heim Fine Art Photography,Painterly & Fine Art Photography by Wayne Heim,"Painterly and traditional fine art photography - western, historical, and landscape storytelling crafted with cinematic and emotional depth.",https://www.k4studios.com/,CollectionPage; Thing; ImageGallery; ImageObject; Person; Organization; ItemList; ListItem
western home art,10,15,c,-,Unranked,Other / low fit,,no,,no current landing,,ignore / wrong intent,27,missing,missing,,,Wayne Heim Fine Art Photography,Painterly & Fine Art Photography by Wayne Heim,"Painterly and traditional fine art photography - western, historical, and landscape storytelling crafted with cinematic and emotional depth.",https://www.k4studios.com/,CollectionPage; Thing; ImageGallery; ImageObject; Person; Organization; ItemList; ListItem
www battle photography,0,0,i|t,-,Unranked,Other / low fit,,no,,no current landing,,ignore / wrong intent,26,missing,missing,,,Wayne Heim Fine Art Photography,Painterly & Fine Art Photography by Wayne Heim,"Painterly and traditional fine art photography - western, historical, and landscape storytelling crafted with cinematic and emotional depth.",https://www.k4studios.com/,CollectionPage; Thing; ImageGallery; ImageObject; Person; Organization; ItemList; ListItem
fine art iceland photography,10,22,i,-,Unranked,Other / low fit,,no,,no current landing,,ignore / wrong intent,23,missing,missing,,,Wayne Heim Fine Art Photography,Painterly & Fine Art Photography by Wayne Heim,"Painterly and traditional fine art photography - western, historical, and landscape storytelling crafted with cinematic and emotional depth.",https://www.k4studios.com/,CollectionPage; Thing; ImageGallery; ImageObject; Person; Organization; ItemList; ListItem
cowboy themed pictures,20,36,i|c,-,Unranked,Other / low fit,,no,,no current landing,,ignore / wrong intent,19,missing,missing,,,Wayne Heim Fine Art Photography,Painterly & Fine Art Photography by Wayne Heim,"Painterly and traditional fine art photography - western, historical, and landscape storytelling crafted with cinematic and emotional depth.",https://www.k4studios.com/,CollectionPage; Thing; ImageGallery; ImageObject; Person; Organization; ItemList; ListItem
rustic cowboy photo,0,31,c,-,Unranked,Other / low fit,,no,,no current landing,,ignore / wrong intent,11,missing,missing,,,Wayne Heim Fine Art Photography,Painterly & Fine Art Photography by Wayne Heim,"Painterly and traditional fine art photography - western, historical, and landscape storytelling crafted with cinematic and emotional depth.",https://www.k4studios.com/,CollectionPage; Thing; ImageGallery; ImageObject; Person; Organization; ItemList; ListItem